{"file_hashes":[{"block_hashes":["ZvXMOGw0z31yuB6JR7aBEhQf15sez8Rv0Rf57i/SP4M=","XgZiZudZVPGTBEM5Io6qU3QZdDMbkiYOoVArVoPL21Y=","3ewIKwKMDMNJ1eq8dUfSjz5XtQn8rSLqT1d4H0z67OQ=","fRrnVoX9/+aAyJ1E0S9Jxs0tw2ovZmsI2AYCnBj1gRE=","e8BfvJEHHhAc5PqVRuBv7xGJIYO2pXqUX3QjfVP0YkY=","OY39uL5UeXdyP3AbVNzVOoc7VZNvbyqnbob11V7ZhUE=","2pYXpDpfE3hEvQwYChsoDEnefVo2RwqRk+UHE1tpuwk=","xXXr0q522c1L19yOoB0H5mJuSxCJraVHyPwv+fEVzZ8=","/iUxPnRv2lMC1Ou9Dkxif0m4PxMJ4/22puWNR0U27wo=","frvnKnGkRyS+cg8u32ESSp+wllUnzzvtbrkXm9RV9yE=","M8/09Vn9VKjoo5jzkTHGrFn7hYO6K+FairxGvsrT1h8=","ak/2enRVAZCaXN4ReLNbVWTfRx+UpgbJKtQt+pYtlwo=","qR6yha3LKCzK2xL4/SLc1cSZWNebkORQNIdcw+S/0mw=","Jsncs95DGIUJVS5vaRVLkSLh/jBkJiuPzfuJ4AmAAHE=","REzW5tsE2krkkVMp8AxWtiwyM19u2eqxlrxx6q+IxvE=","pYuZTbov7MD37wB7rkyUIcZqNYyebji2uEG5VUvphDI=","PqZQ55Jye82wZFwINHCMeF0+NGifbIWyoVYwlXhohaI=","f0bib4K1kSvMTGwlvejgKv+0ct6Zq1AaZBzMlReRwLY=","L2iy4n1teuWvxVCtLhhVUOgx4Wq5kwA8AC6uFu3ClGI=","LyHZix7XCZm0mRpsQtkP+399vG5qO99Lj8+scQKLzs0=","nkn0cr0prJ4XQspQmIJiq2DfDkt53QgO4jwUzLU7j2g=","wgwQOtU99XwolbvgtWRLvijlPE4AumHqGlmu1HRyBZs=","6GzyvwhZM5QWeijr/ut7+gXPcOlWBjtRuzv9RObKK8M=","7ruCgrtTRE3jMdTcsMidmBoV18d2BQeO/6azxCmkLOs=","DsdJJhLdU4825+tO+rSPTCDoEiMCWfgONXGlEf03txQ=","4JufWXfxOQxm7imQ6D4c7m7jYKbZjfmmZJBK3ySMsV0=","Bd5a+FsSd2eeGzK7L9yPnsycapb/iO/+rNir1TmZNDQ=","Jq49ZTJLb00jO0jHO+lUZDxwmSulNUwrerOjJIYtLIo=","rYVAACGAdzU0O4dv6A0zY/+8OBUCG+uWvR6u8+lzDLw=","N/fHp1gPdoXCVenbLPBilEXu0sAwWjG1QXnEYfu8+5o=","R+XAYP4tm9aYYqx4NFbnjMjVNsHNkkoiqe20WvzMvio=","GILlQK4lIeNbMC8tzi0rs8C6++Av3z6R3WAkPejsMNQ=","aiCHYHfEjzYs/qrHONeeAI5PS26UzBMS8j5YwctUjJE=","ZIksAxjsZw8ZvB/koIbOV4Uc3CQkxjmxN0MBMiZe7Vo=","6ingkraUfNRP97ImMreLqmPeKGMqD8SaRPZbInvnACg=","h38QC4Fr6ecBy/EpAjyYw2FXeRC2vYwB/IWJn6BytI8=","2dAJX5xZQxd3Xsg82B2s60eHCgNuXZNWFWiS50RJhQ4=","+83nsJ4uANZoY7LAQKyhCM7GGvoCO1e93qPxdjliWPk=","hQlxslqdVZxt7HkHnSiQiyfP8cONV1OH1ex8Bu6ZeA0=","ThLODd14bed9hieJNqpiWopiP853DEZx527psTE8xvM=","+zY25toDQQbLxqflCiPAH1nxPuMIxb+ops/jetrbZPs=","sc2z65ck+KnEQpIVghFSWwVglJrt/0RxUjz2qK2VwJs=","MNw8TzRomnzAxh0IGWNDTsJAHOQe0G2p8fl04j/2imA=","Ivfi2Zj79HrzpxL7W8pA1jk7xCswGMrMGuH5J8bxYNc=","Ns8bDB8PLybaZghJsAT2N+x8oAbFwq/AENTYZADYjq8=","wxpfpHNIlIC/FujpT5JX47xEdJ4Ob8NesaiSeWwtYrU=","Ogx6R/jOsvCLcuhbxB4sW/80Qzi97L+MlqL/iM345U0=","+rbA6Iq+/7VETY8l18i4A/yW8G0DI1duxo+Ae7UblD0=","TtpcIj2J7Ghx4nVq3ClJPWP4d2Q/++5bHtvP0kVmNz4=","gsCqWKKjuRzSE7p+Hii1aH00Fy1HRrOeG0zhEoAt8Gg=","mYGw7v6ACkrESPCy6CRAAA2nXG8Cp4mhUwkdpFEbXXY="],"block_size":4096,"path":"background/index.js"},{"block_hashes":["HvIp2LzEAQeFcpHXN/mT0Sk1hRR7vqcDE35BNFXFdvk="],"block_size":4096,"path":"background/listeners.js"},{"block_hashes":["ZvXMOGw0z31yuB6JR7aBEhQf15sez8Rv0Rf57i/SP4M=","XgZiZudZVPGTBEM5Io6qU3QZdDMbkiYOoVArVoPL21Y=","3ewIKwKMDMNJ1eq8dUfSjz5XtQn8rSLqT1d4H0z67OQ=","fRrnVoX9/+aAyJ1E0S9Jxs0tw2ovZmsI2AYCnBj1gRE=","e8BfvJEHHhAc5PqVRuBv7xGJIYO2pXqUX3QjfVP0YkY=","OY39uL5UeXdyP3AbVNzVOoc7VZNvbyqnbob11V7ZhUE=","2pYXpDpfE3hEvQwYChsoDEnefVo2RwqRk+UHE1tpuwk=","xXXr0q522c1L19yOoB0H5mJuSxCJraVHyPwv+fEVzZ8=","/iUxPnRv2lMC1Ou9Dkxif0m4PxMJ4/22puWNR0U27wo=","frvnKnGkRyS+cg8u32ESSp+wllUnzzvtbrkXm9RV9yE=","M8/09Vn9VKjoo5jzkTHGrFn7hYO6K+FairxGvsrT1h8=","ak/2enRVAZCaXN4ReLNbVWTfRx+UpgbJKtQt+pYtlwo=","qR6yha3LKCzK2xL4/SLc1cSZWNebkORQNIdcw+S/0mw=","Jsncs95DGIUJVS5vaRVLkSLh/jBkJiuPzfuJ4AmAAHE=","REzW5tsE2krkkVMp8AxWtiwyM19u2eqxlrxx6q+IxvE=","pYuZTbov7MD37wB7rkyUIcZqNYyebji2uEG5VUvphDI=","PqZQ55Jye82wZFwINHCMeF0+NGifbIWyoVYwlXhohaI=","f0bib4K1kSvMTGwlvejgKv+0ct6Zq1AaZBzMlReRwLY=","L2iy4n1teuWvxVCtLhhVUOgx4Wq5kwA8AC6uFu3ClGI=","LyHZix7XCZm0mRpsQtkP+399vG5qO99Lj8+scQKLzs0=","nkn0cr0prJ4XQspQmIJiq2DfDkt53QgO4jwUzLU7j2g=","wgwQOtU99XwolbvgtWRLvijlPE4AumHqGlmu1HRyBZs=","6GzyvwhZM5QWeijr/ut7+gXPcOlWBjtRuzv9RObKK8M=","7ruCgrtTRE3jMdTcsMidmBoV18d2BQeO/6azxCmkLOs=","DsdJJhLdU4825+tO+rSPTCDoEiMCWfgONXGlEf03txQ=","4JufWXfxOQxm7imQ6D4c7m7jYKbZjfmmZJBK3ySMsV0=","Bd5a+FsSd2eeGzK7L9yPnsycapb/iO/+rNir1TmZNDQ=","Jq49ZTJLb00jO0jHO+lUZDxwmSulNUwrerOjJIYtLIo=","rYVAACGAdzU0O4dv6A0zY/+8OBUCG+uWvR6u8+lzDLw=","N/fHp1gPdoXCVenbLPBilEXu0sAwWjG1QXnEYfu8+5o=","R+XAYP4tm9aYYqx4NFbnjMjVNsHNkkoiqe20WvzMvio=","GILlQK4lIeNbMC8tzi0rs8C6++Av3z6R3WAkPejsMNQ=","aiCHYHfEjzYs/qrHONeeAI5PS26UzBMS8j5YwctUjJE=","ZIksAxjsZw8ZvB/koIbOV4Uc3CQkxjmxN0MBMiZe7Vo=","6ingkraUfNRP97ImMreLqmPeKGMqD8SaRPZbInvnACg=","h38QC4Fr6ecBy/EpAjyYw2FXeRC2vYwB/IWJn6BytI8=","2dAJX5xZQxd3Xsg82B2s60eHCgNuXZNWFWiS50RJhQ4=","+83nsJ4uANZoY7LAQKyhCM7GGvoCO1e93qPxdjliWPk=","hQlxslqdVZxt7HkHnSiQiyfP8cONV1OH1ex8Bu6ZeA0=","ThLODd14bed9hieJNqpiWopiP853DEZx527psTE8xvM=","+zY25toDQQbLxqflCiPAH1nxPuMIxb+ops/jetrbZPs=","sc2z65ck+KnEQpIVghFSWwVglJrt/0RxUjz2qK2VwJs=","MNw8TzRomnzAxh0IGWNDTsJAHOQe0G2p8fl04j/2imA=","Ivfi2Zj79HrzpxL7W8pA1jk7xCswGMrMGuH5J8bxYNc=","Ns8bDB8PLybaZghJsAT2N+x8oAbFwq/AENTYZADYjq8=","wxpfpHNIlIC/FujpT5JX47xEdJ4Ob8NesaiSeWwtYrU=","Ogx6R/jOsvCLcuhbxB4sW/80Qzi97L+MlqL/iM345U0=","+rbA6Iq+/7VETY8l18i4A/yW8G0DI1duxo+Ae7UblD0=","TtpcIj2J7Ghx4nVq3ClJPWP4d2Q/++5bHtvP0kVmNz4=","hgMY7AqfO0EUkxpFSskC3sgmetCbm2eGf/sY1DstBz0=","3bRa28ok+xxvocNoBVO7obkylht0AKQgNeDEG98CFB4=","1NVMp9S30P1syLtbhWZ8uueuGM/Xa6995oOXi+BrkEY=","xeHb5erC/ccDeBcDYf+Az/rrSwEpMd+Zp/2AZggMU/w=","wSeNV2LHbTerbqI6cGaPc2wzG2+iiRPSQloyxjRsxwg=","nkBrcq3LmjnA/iI5ETfphalQDqj9/r9jiHVEUxA7nTQ=","U6YTM4JXeV5R9yVODqXhkbiGEOfHd9aun95tsMDRsgU=","NoRbp6mi2kJrDgweLwEkiU5jgxo6HKDX3DsrxqQkbmg=","w5PoAp7XW45ZafQlcgM0GGLowEJ9MVRaCuElfJsV/Kc=","/AfsWmwrtPgqb45YCmEpE52WeHN/Y+sjV3PECjvHSDo=","/usSpU8srrqyMqchhvms+L2mmbJQFvtWYmBRW2UK4WI=","lMAjrcLde5u9XFXn+si01d8qR81hq5Re0a2dsQJSO/o="],"block_size":4096,"path":"content/index.js"},{"block_hashes":["Bexu585zdut79kwgqUTlDSnOCaFFSxlRm92A1cg1ILc="],"block_size":4096,"path":"content/style.css"},{"block_hashes":["ZmxRVzkuqW0YlkNB/9IrIhA3Cq25KI3L26CelCOktaU="],"block_size":4096,"path":"ga.js"},{"block_hashes":["Jy1yxpklehu6YfLTUId6sOLiOFuN4LFn7WoBmCP9J8I=","pd5SMf6TZtUPkYIF6U29jgreciPQpFhTH/B+iQOwOhQ="],"block_size":4096,"path":"img/audio.png"},{"block_hashes":["1BhLD1hBFIvN1Bse5LGk9DXiyPCsTr+9HX2dCaFsJok=","fiI6vPmmGCnajQxhFftph3RgQiwUAaMEsR/yMgVXF3E=","R1Y3NDJipI5JZtk/60H+ZeGWXDP0sT0Cyxj/0fK+BQI="],"block_size":4096,"path":"img/spin.gif"},{"block_hashes":["S6dkfDB2B88QU/1gHIPTHZFF4AwLEiB0qM7ZzfO/+bo="],"block_size":4096,"path":"logo/48.png"},{"block_hashes":["3lPzlZLWo9WtHIVLHe1c9/ObahuKxEozB6HAFMMEY7s=","3zsSi4Adxdr2LMTn5L8uR09nJerW5N1TIMlkwfB5Txk=","YFdxElUQdmu1hRJn6+TQhme/qgKZqV2jTTYtccJV2uc=","ytM7GdzslR1nZY99xpS+lfCvq/l+xVo3H7Wwm1grOaE=","dTIWCKm2MOkVYH5/mZs85JAA4VzZHJF+0B8gluPY6yA=","Jpj807rmAPYHwn81AtScBmqixL/K1nXlw3JjBMzVLS4=","2153Ffxx8hmFxWm9us3Dd0/YPemph/svzzqePJ3veUU=","0aQUFxa/EjxK8F/RHCfMFo/6gkuavxqEzhkXHE3udQA=","LZWMvolE+s7gxqlFhT42depRRv87+CisjX4K2AGEB7E=","QpOv+qWhmMiqferWoC8OEbR+JJVssyS3hb2VtviGfN4=","RCkkM1WWXI7cZbQkncZNvYCzzMri62M1TSDcZq13+Ek=","HRA2MI4XZ8Eymx5adulJoltAJtyzTrPjQkff6isU7nc=","fxdNY5oHpTU5b5pwyHCFDHhY6lwQMXKnSYoOAu/9KCM=","q7Z70uaY2gL/VFI9URNbtD3I3MLJ1+GsG1DxReZrE6g=","/mOpVVyUAt3Kv4ZP+P56oddMkojsOvml/8vlfZBKB18=","w/fb3BgUGZ6um5Puofj4Cvse/EJmMy6/zHnazM1cpzg=","8Zu4/XJGNacAnMktBxs8cKlBq6Ypq/iJrK25c12nE08=","wYTT2T73TXq3VwogFFBnLJlOmNnVSCSRyq5qoXtL06I=","L6z6IyCNRK22x/oreAHqRyPmUjJza40q+oT1XXkLbvE=","DEmv3KnXLrJtsEDm8XnvMsJTsJOOS0E7ZfZgsqY/pSo=","H8Pg2CtKYvWzjQpBrcVebnNxcQNPwxexpjZIfWFmWSg=","RmoZRWdQcAPsnJ/d/cMt4u+jOK3h3K1wTdsA5hqbX04=","cxbvb0ZKZO3V3CB20D19jspK6PWzD8kjolYD+7u7+AA=","eOOqtq8IxQlu2cqiFylZkDfUmkByVakHAf3eZggn6PI=","+DpE060KAyFMgA4hp9usB2+RgTAK6S2PN89lslVcIwI=","bWPmVZIHgAJb9QSU+PfCVmHYlFdPeedRysIivnqPOYk=","gQzneYnVXB9yQLwYNLGB5mQJebHtgKNRLuRRp1yxIRA=","dAr4kCo1BjJeelCnlauudOQ2LA27L6DzcWRzhe72i18=","WKd9WinLu34hp60hWQ/rDJPaBPipltWMNarCZmoBpsE=","6dVQI+qv3tVZN+zMw4tn8lViL9Lf6oqrbffTM4rqR+w=","Z1w4Tuu1XXOeHlleFOd2ZR9lXhqtisxt63wAxOdCwmI=","8Gxj577CD2L39MDdpEr90IKkoPby0COu5FcOZEx0OLY=","HthB35Ag00w/NStfaefv/0YXG/chCTgQY9CirodS20Q=","d3y9OBgFBNkqcGCvbN1bRzJqDCcsbDjigFwNCTy53ns=","CodIG8abV8pwe+3i+4Z8z7xdyaR5hZxaupcpJlRaSbc=","9eApsa/6rPxEaLIUbCrKdvSvALLfXH+jshnM0zBxNW0=","I1Ofaw4UoCE7CV2/lqee7t1dkHKAW1TiQu7hLYHH64o=","bkHwK/sFITPICTD4gq3CeikvyIT4b2cytlYdmnZNi0k=","bAJ8ZGtpDzffTVPaI5D3wa7naCE292DEdE49Ee5DMTM=","vPTVOyacSk3gVR7jEvPQ/fBMjEHBHUSj/gRx0GRUjxA=","Ijk7k3KN1pRYNH2IN1/Tvf5jcnAq5OPGbyDYujgEzBg=","QnI5ZMQK5lBjAwluCjxLZnvz9ML3/NShG+tssRGK6qQ=","mbRLwkKeh1Okv45+srAq/uJQ49a+1sOE7kJUseou/nQ=","AjGwtN+IV5FyTOpd3YAYKCHpcVaOxaMIJSiP65az1zI=","SgJ8KompAvWVXR1BxacDtqCTzvzNJzFrVZmHe+70soY=","0nj/oPOqMtCAz7vNTJO3d8ZHltQlf2EBPrldBtXu+C0=","xmQvOz/3ijG/CZbV/UP+sYoPrdJFcr61sk1In7zsBFE=","oxXnwd3z2m0z1xQtvv/dwA89irsYS0V+F6Aol8TzsIs=","5SALTSKO28x1TKFUQNckyuYRuNQOnjq/o9W1fDJrjv0=","8sn1uNNWlDkAsdSpnmWXIsDSPZnuze3ZB3e0eiFNq8Y=","Kw2DqZs5ItzaFkTbz0sRoWu3a8XcYqoWEPcCEm+V21k=","pLS76Vg2F2/8pumtLKOFjdTIBL6pbIIHqCxnPdssXRU=","wRwyzkliLZI/8ifk5EspPgTaqNUKJ85Uhhht+dljglM=","6AApWsvR/ArDO5AK3ou7KhbHiUIi13BX/ghJjezyV+Y=","PWsJOHneUrbz7bgXzX5flVDAAprGdUbWjJ+CbR8HQy4=","0/5DKXQyf6cFY++/O/ygSsRhAtpOcXY20O7EKNOHkiY=","xXCLSH6M+KNZa+T7vPeh4p4g4wHFKimL1eTvks/8acQ="],"block_size":4096,"path":"option.5c6f82bb.css"},{"block_hashes":["pGdiJR7ZDT+GAymPqy6MPEJ+Zy4OcikJdx5lKk/NDK4=","aLB2TkMJ6CAWFhxwdiO3G1dfrv57aucwH2klmAow32E=","IwrlahDzaBAn+R9yGWmE9cDksmpPKnhvpiF0wu/qMpA=","utTbvk3Xew8QzHqaZiIt0ywGq1Ww0lRpxDtb7FM/AdA=","yGnhOA1b3GXW69ME7f8c2+de558ZwhK1I3QchzWav3w=","/pOyFD9XjSIwyADH+2HJvSziGp2oAQU/El+GDcxAFJg=","+ZdD6qjqMQE43IwE/ubmJ4NejdGNVhE+SGbZOetg4rs=","JmwNpqVpgl6XbFcPmE48pj+2izdDtge4ng+jt9FsTX4=","N/t2orWVN55fWUizExIc5xBIHaOlrnfURrnD1BDtmOs=","8pkGG89gTZzU7lgZj1Ceu2yyIc3oOew6RAMtF+25U8w=","qFEISfniqp1DEiOp4UUc5hSTaFDtuoyEcU5G8R9oEis=","eyawb4xmq205q9Co/QIMHYqzqpOPsBQ6Zqqdh40hHfA=","mBIURsUiKy6dcV6Kq5WWsOrByfqQXTfng5ShV41Dego=","5+CpP/NhEjJ8O0W9o/gHwZnjw/96gMWimypTOmurtk4=","f2hoBWUFnM4LZcnlOWnU9iPrHu/K3/LDFrxOe5Nupm8=","HHBYYSdo8Qj61yrjsY+0Q14XLAGVl1MxwhwLo6qpHIs=","hHo3RsjLJvc0s3lRbk3bcPXV4JopREMTH7RNG0mSyIs=","uBMNK4ksDFtzl/OP9zDVbMOta4PcXZEFqwFGuYNadO0=","7VJM8RD33iPql5zl2iHd95whqpFIgoi4ujhQdA5kAno=","F6ssrlc9UWWE6mbp/wCx9X8JAfvkdnCEPWeiCW/tOUk=","Udg630IaQj9kXtXrgC4CNcdaYRqCDvmg6krTGS+kr/g=","hf3TzT4ddxmAvOfyVmiiYCMq0OLKOPtmmgY/wm9JfFw=","aOG+N+7qHny/lLEZtNzm1/8suOSg1CUxJTLo9cvlcC0=","kEedragzPohYzdOX5w5pkVyHhARHIfQi+otzm93D27M=","ldiJk54AM8WTka7lK1o7LDalmJ9ed82f/Jy4EzeDN+s=","Kc7V1S7uYstyWSVMyIe1RpuKWBvHTNsLT2j/fCGTt6U=","nEC8SkLVAvy2J3XN7oFh2D378PQo9J9UiJfAEiZMcCA=","Fcf7v/xhn81bJMhKLH0oqU6HYsJO0dlYRwgizACVqjk=","W7DYSjr4sUtRBDOwCRuvyfjcOaWKUjhilOULjPsZDV0=","W43FjqwOKR5agh0+Io3XHlhalZVZfUy4/e8afbjKbkk=","ZLJcjHGhQdIJJF3xpxHTBeWQkeVeYicpKItLSn2Dvkk=","QPxAzuk8yloMRGU/otYRd+U5t4TIhb3rw76Q7AIm+4k=","U64oM2nHeyHsuC58I9ezDS4b1UePsNtpcM6uyR+vTqg=","jNLA0rhAfXA1maPZ2qHUBuq3vhOlbZU25c+RToZG5jQ=","JiRkfpzlToHax5KDNUxBYwnLAzlx/WlEL6GAknHAD94=","r09eEQAs2LgKRv1ThGzlLyB8DjzTUi3VDwWWiZU0iu4=","G3gtkmL09+QyS6xrCjfZbBuC+MyZj92XD5rQPAHUmdo=","pDZ1isN1pCb2hgtj+bNCD1da+oZN5Nto25Ty2qLG6ls=","lj51rIK37BY22FT6KroLgsryNQQREoaffCpCBrz7574=","aN/RSIbiA6RXkJXILi3HjjQyPUbUK2j/D4QYq5briks=","Po9cWnUuMtkzbQJcE7+bYK9omSOwFNkSpKiw2GqVeig=","gVLyN+iiI5eMvNJ8g4JYd7WcIk/icDwcSKWwDWkfYmk=","pxK2Mm+0hB4hyZtsplAfMTvravaCxv2y2Erzuyg6PEk=","kRjQzH9yxcSy8UMa53guBsuQOxqMTxfdedI6WmoLY9U=","TraNN8kpM6Wvud1zbwiGBMJM4SDPUVUpAENMLpKFq/A=","wrAk6Xgs7tnuNOdDBDi+SqaUJ591L2/yuUg0jgsZ0uM=","AaPY+NSuBtDbRl4BSsjfnnlWVcUOvMaIPTGYEhIppgM=","kSjtElw2FDf9t4uWjOJl92mafzyOLb5lTbSyOdjLZUY=","mkb88EocOeqruWzkcy/6G5n5D95Koyfia1QgTC5o+CU=","3936EddP4a859eo2XfQZ1DYkpkaNPDqe6zd+h7gstmA=","TDuIKDAnO/wh2nM3upeFzaEjrgOWCrFJJGlPnXBqxMM=","pgNsAgcAROchMAU4jP+6s7b5Mcben3qDCQf5jb3ih8U=","+AK5nsmYocSFTi+zZqevHFgozaHKHbu75H5oMqQfNBE=","Rdppb4s21WnGDj4T5rNF0UBdIkQ/gaY/v/N01xgbz6o=","2Dw8426YPrQD01UlrKDlstDjQvpWQgIn3xhXU+c85eY=","BWBQO42zfbq7DKuq2zdG/HpuYf9//22BgG4o7WgruTs=","ovNwRnKZ1zMqo9gHsbt+s2A0KA6yMeuHWowRqjLwdsk=","K0yHFuWyqTBYYGpvmDaX3tj5RJoS6RGSPhKtNucnPc8=","yjcPJi2wbEi+3KBRSfTeB4Aa5TH4jXf4x0iylnhsJ1w=","wfD4eqPRO0ufMNzNvl91zYZD6rPBOQPQD0oQ/96YTJs=","iA5LPm3fzyYeRqN/H/Alu6QY3O0e1lAOpEyDpUvaO1s=","np/ftS6nFwYX51P3ERI7QDcQr7Xz/7TOggxcwUpT3BY=","QBUv4GQNZ7dPZquN62MMInIjn8LpoR21w5u96qpVX5Y=","1ANCAvaINjPo8fUIAyo9Cwty3zFPq76abP+iqsoeGAw=","7Xh0a63xaEiBxHpYuPPdB5Utcj6N7nLdRLbIEIqeG2s=","6RpuGApyh3+Xl6wFihZWZc4S4FRBtK5Gtfevjsc0zP0=","OdtDRmPTw7W8mNYXBRyOJwffFd4+WbRgwp/BSloqlF8=","AhuR5Ee5Cn/XfJ0F0tgsW2ldMTPSnXZqAV/EL30kkO4=","FZi4lTikLfq/fRyYfTEbRH8NG7b1dzGyaoezJNIvsHo=","EhDNeh4civSShShI7zwyEqZttQnb9Ezz65NJ/SmWc3s=","0kpq7gFIkONqGPqtMsh27ETqJRJSUTFWA0kwE8swflI=","WJig45q5dc0PqEqZ6oH/wtTYsrRMXwqXhWdCgSq4FZE=","QHqpYOBMJujRFz/SffB7k1X5TVrwYSGNYZwdOUwtsUo=","5gFdNPw226IJ28rwxCow4vz8r9mVIBp5TSDXxN/N8Zo=","i0wNlJRJwo+kt1z+Q698m+Ap0bw8PKOtHBb/c4vk0/s=","cwMlWJRUiXGWmA5HMDrXzV4KfMgOV9ARuChnCsIp6xU=","tLjOpANWJXogUP1UJKLQ49Z7mbIMrrqx5P4/fLy28/0=","+LzfDGb+WODF4wAV3H3ykjPlnJ32yExp2mzDdSQuCuc=","f2v059Vv4wrld+i7dpQtd5Snw3eP4uiVjVIazIve7n8=","ypEjTLtldUsTuE16TFT80g4hNAHQpERFNKJvHd2eeyE=","i13h9QYxoQFC4CPf4zGrihXffP14XveW5vfamV59VZg=","I2vG60QuAqgteHoZT6rSnekV1jltrsOTjKy+pzUk/1k=","7WIafjzwywA+fI+DTx8ad4K5/9eqalgAOqr3VAeIcdY=","qofypMxDJJKvdYGODtpglle+cL9M3X9HnpOtJ3fZheo=","tj6OfHjAmd2UDVbsQN7dYOSAUEMWuNfiC3g/a7+FMH8=","w9DO5pgVV80Xh/Nb+5gB9XIiI3To7P0D2vL5Sf8N8C0=","+TZUqPKMN0aFt2c6ljNl+VE4y9zpNExieoc+P4krxiA=","b7UE4zZO+RfSapvGYfE8lva2SCesqVvHipHY8REME08=","zs4N5Oi4GRGpFEswqEfjmR0S7pF7+d4LDtMRoVOXZBY=","yym/vY4AUy3P2sqSRX2DokZhHPMePsQON9Sonp3sYa8=","79hTXh4CUvcFDecaMHRX67dId9XEutXD2xc7q3KmVJ0=","TQpFf0lHh3i3nt8zl9zQrtkOEHHDXa949HVrFrd0heQ=","82GWeAfBh56J5Yx7Urcsk8SZYFceiNZ5NTpVgy4MWP8=","mKpJNdnZvGePVrUh/2Vr75X13K4NNoNtQs8dn7Mz0Kg=","9yHtP4SYgxUkA7N6nSgC4Mhb33/JPCZheAFPQa09OPU=","s5kbiiljYewooKVXqWiiAmA4nzpKPENMdORLcBEX+Is=","ddtVvXEVXGr7Gb5+8J0HGRmwMUEHU3e9RkjpreOr6Ow=","M61Swa2Hu3XOPJSQ+R6FZ9etU4BH6hdqgaUGm8kuybw=","51KXvBCNjIr/A5nZOzi1/2lIMP09sJFl3U9LtdokwT8=","v/8CBmjmJ7HG/opanypxzKnvLKgSJMYgI9OyNkn7j6k=","6iYhRyZvUvHwEDzI98Jxe+y2LE1GR0E6BBnrrsZfTPc=","0JSecvaDgLk3Oy2oAjBU9za4pYf6/yMuL37ienVYo1k=","X8IdzVF08AIN6p4p56X2vw55N7BeI+lz9aJdCAHKAWo=","dEHdlQJpsaxZUy3t2UFDwF8099pYEZbKjxsvayTwSWI=","wYpsD3fZBEllreUv0HKrrMwl1PGq8G13vqOpLs4Vjko=","Jl28O+/DR7GK+TUh/A7yhRa1w09Jtemq5Gte9nVsMzE=","vCeSA6mN0uws0sficOTorSVxk8GbShuEaMpNHKdLQOA=","vLe/56GYsVOolCXimlpOrYvuctOu347ZRQHOA+xe2YA=","X03NK+ZmalT6cz7WGjS0e705htfDGp5wIahMvliJUAA=","Nmagjbra0UZ1VEGGTGrmIPBe+hdHggZbYDxvQW5xw3A=","VxzwJ2Hsce7C+GcxMEtipGHI8xGLcKwqgRyhbegIaZg=","O1zpyp4T+VlV9Q4/lMwzpbu1q6/sGfgUzl47ek7ikTY=","lN3CXIpmNI+ofvMUlfNT8P+KRpkKTdXstdrn0A3LJps=","ZFSDoZFJuyKl38/aSrmW9/nloUpYmbx6scXKvX92aFU=","PRZlQGftgwUCnRhOs2LvuIam5el0RIaYsgEn0lQuQWg=","CFYBUkfHdrUpRPs1ymDpNdOaqLQDt4DhnvY47utt+E0=","x9wTf21I2gkI5v0WC26Sko/YpMzDTqkNNJqjAZkWJ00=","0ef8rxva6QFB0yYKGZL3UUzyC0qr49m7qJ59E6QLUks=","37ghcaRfTqkLHlJ6eJqFVOTqG8sXh2v+K9KFuaBdOmQ=","mi9a9zzbEFCjMNtnnYbCOUuAD9I6SVpvqPA1WLKAcbU=","ORDuTcNgsXVzH2zDEo0E4b6VsoXMQGcC7JoURG56014=","wdqTGnkqNePBf/nFqJT8uU2SOj6nXqv4ch0fPksXmL8=","4u0D2woNK2AzLnXD5QsP5c2bllastZFfSIP59+HJYQc=","jeKTKY7nS7ELxO7hb2gLzLmXYkiYpeonupv9UxLN8JY=","3Qvac7EA71f4G83VxwLUR0oiwY1uQZbAjspl80agHEk=","AS+8lyl+/mfN/5QN5myrro8OccIQNYU0blNSfEz33ig=","XCmXGyQAJ5PHx593QvFnU5SjM2nEKbrJJ9CMjIX4d/4=","Gm3UyfioYAPSFp3PQkgOnNekwnhCk4BMmitW3KheeN0=","du+JLgTUcramkWYRz3HOHQPXeMG1kADIS6rjxMPAg4Q=","D+gRxkiqY9bCvevSJMkJnkpo8wkKeY2uflBiwFwRXUs=","Z4K33ALtMxemdyca8fJ06ntYodSBG4/P6hs5iGyQS8M=","mtDyRYk7fzLbptc9F4aeTAEBnCr5VyfyyRFuA1iPMuQ=","74/a1DwBSnDV6ho7bq18wzrDc9XssG4CdFbInEyKWsE=","UvhMA2xBV2E98jN1bOGcymC//7w3mOIi11fS4oEqmZ0=","RwLI4fhb5bYDI4GPt2en+j+S6S+/utnHIIzOCIzmOfw=","TkvGUwxaCXfs9MKdBMnlwXKvyow4M54BrMJRzaAIvPs=","EK6vYGX/j5FUy3FcVDJW/7K2uZlPE/ywmnQclkkk8xc=","iDA1tlY5lN+/tWut7SN1IL14jZKoTK3zGB3o5hiBwys=","fSjqgiykMcYly0XOViKti0yX7jYRNXVkE/er8kiMb6U=","qMraCdfWG9uZpfSKTYV71m90MBwBRPhlVtoQZEVEEUI=","kPYXcVYcLTqbNr6y9UutTriwkK+a8lwl1r4MMF4Llbg=","0e4JTE+ChProGET3hkgGx4CMB1wxz5iXmDlMcltArZQ=","FDEHuGAfVburlJfhsjARk5GF0EoFtDlbhjdua9Qhoco=","qVszwj8BlxcKRqjNZMSFXX6HaRRum/Mu+G7+kEZEVYM=","u9CQ4z77JEfTdIzNRobJ5soXkgDRjs8kt9DyzqS/7ko=","KmXdAxRYYHeg2ymaPssTlQntPjXG0Yp9LZGkv1i96vk=","I8rD+H8a6oJ88o0Sls65LMeE6I4xjVxQ5bFm/tjfbyY=","0I+RQaScg7PNc+XnGR8KldaNwbw4bwlEO4H4u5MX0k8=","YdAVxQ30CwpcESrKuM0Er4bAP2v3k2Lbb+WkY6Dw/HY=","2yQ9n/RKbog2okzmFbeJbweFBmSvI1wrc4r7BMHfIE0=","SdSmc/Vyq5cJaVlKrXyOTjgDIAGNVWEfi78gsdrw01o=","qBMHhjTulvDNDDCogB7liMKN/3QLfmoPONDEnbjVmOY=","AQB9qMGoJ8pe9K0DQUeT8cv1Ep8SHPk1XWz9JbkWP60=","rW7kfQHZmH001zvcrj8M8K61R2z/VBvDOVJ1wJIIgbM=","0pmnwo+waBcmT/hkP2YrmGprzVrw5Qd7D+V4gMyaeig=","qXjIDsB12KzwS6H+yH3GMk6ZucMm1oLtO85x40jzlJY=","QPdlpYfqvIzIrDkp1gK3jYzoIbWsC6rBtWY8d0bWoxo=","dnfmU7j3l5JcNvaW35LpkQ4+5boFIz1GXhPV2UqMzOM=","toTjue2dYbI7VgvOL5mT6dnS+vIc5KYXJHpFMKKONh4=","aN+u4qs5LX+ZMt6Jd92aMByQ82JhC3bJPH0I/mKau2g=","HTsWKEl35CSKqb4se+NGiHFU6Aq+uEHeEidOzYRUn1I=","XbFRNlx/87E+tUIW1VpY6xVULBSrfBq5Y7+eSl1V6tc=","/Y19WFwfWE9NyDf8WVtDop8zOI4xzQINVKJ9kcOEquM=","EO3UKxywk+V+atnakur+eXtt3BtkdB2yc8hdc9L9m14=","cwtYlRUWnp7ERGA/gpXPQ38BhlO0ctU1obp86DM8rMw=","bgysKSS/V+2V2cvvjJKxIZ2lb9J5pqeI0OHHR1S+s7Y=","6MkFa23gbH2xbVvvQnHLnO+euXxbDEIrhM7SuIlQVkE=","cAy7zDGOzbwlWZ+bzTZ6dqZ1zsFFNb/W5SPhvQZIDUE=","YALAy1EdVvrXHoZJxAB5e+/gRF683iNOPrMIzmSUe04=","JQnzw+TXY2y6XDNkZ/q0tchuChfsA6/+gNxj6LkgExA=","o2YhQYwVzAFkYTmSe82cwIDxZz+q6UdIv4RYoH0OIAA=","N5kgVlKbLcUNsg3WGjYX+hjsNt1m89IOs+S0wFPq8i0=","hKGkE9MpAoUypY34QO21yGUHbtbf0//8cVpju13Zjs8=","Mz0v+nRV25FGZykNZ4Lc4hB8MF3O/hcrkTxwaJ68jik=","OPbc0L6D6LjGV370YCSC39WU/YbdrWLanjuKrangzLs=","mGWSDXxZqRCmhKt4oc3RqQTD2FfpDsoorFyqb/kdDHM=","nD1QQCLUmph8aoa7PdBK80TNYdXQNlI+PFCm7CLHS20=","u22Hidj1WyKmFf1GaRBFvsyL+QHcW0s8RDmcLUXU8TY=","OV31CYd5MhX9V3/1sFZreRsTbXDhCoh84XNJM93zTdw=","ZDJrqUuJuytzp+HBfQdV+4P/o/5L6rZpcBgh7yuMuqk=","F/oAQxLSQfCYGcZtkr4463dzJItNAStyVHALN01nJeo=","1G1vAavsFF24WK3Vrh9sRDn0P7Pp+X9vzgZNtigavvo=","h1mRgeINoSDr1hf/XSwLIScO+MIsonv4/RMwg3i28aA=","o6WOk5FvGMe0Fh9b95FJcuSaY/Png9Wxc7TeBQBXl4Q=","qsHgqGDiX3oigX28tEFPRQ0oHmLZ7gnKlSupL/NzSeA=","uMSx9yvSrY//1YTRzFsfqqPvJPt0ZPEhCsSVHw1heYc=","2/gIh39yJxfQc1c2LdAe6jw8nIXcZ+/qw5XNkee7l48=","p4OTCiRFs0++6a/qnp4cUHjNuIOfuOASDDDB+NItrDg=","FU1jkQXO9tj1ZhlaBQStsezBmloekSJs4SNPevcI7fo=","H5btKirDFB6DveVwiK91XgWZpqz4/SussBXO/WTp85M=","LKigOnKFWbCEeAA20NyPq9R13WzUuIP3F9R1lDvCZpQ=","lh8hDjkkLyiwCTYlkMbVrJ6VsBlGTC+q5ikiIdJ7Nz4=","k6nrTeTdLUKzyGEviVaeG0spQ098SfqTUevE++tPkCo=","l8CahyJR5M9DOnw/E2VILM1fifhSDjdZL/knNzP5LKM=","qrQsRj8Bu0hsPfNgIAyyNRy6RCFTagPbGCDFY6qkwGc=","fJIqxK/cWp4OTSgdnGcjFQBUZJKITgqwWsQz6y9gSTk=","HVuR2nVjsyESF3/HQ4fsg6ZmKd4ICRTIQiRSeXLDZZ8=","UXyxFVcSB+UGnEKP9VKZpWr0WNApxQ5blCnHAVE4t8c=","wTTusOxhmUVNruo8+pLzCsYzRx21FyLXdanK+tkMXM0=","vdCpPC5I5RR40uG0U5ACVkaYfw2kvNHL9TAVlY+rU9c=","DlX1bDamMEFU3CjGhujzaJYIagrh+r2T0Ofdsdoyg2A=","+cO2wPfm9LiyPH+fwZ6qxHzDHu3Sk9eFu2mIK/eG1EU=","7pq77hxNTwmrNOx0m80GLuQDTP3AuBQvU0Y9u/9uWgs=","M/rsdnnzASX0AQK6Evd9YHqYmhjo1vzWR3Tgri4MkwQ=","Wd43RNU7bWzxeDfO6HxuvmO1kviaQatPu7rvPXsEIVU=","KEAchGiu8ootdiDE3TrZOXjb2HSz1teZW82K4kSXtbk=","gaDnanzgbS1+G7z1UFVmMNUKyJkEg2+V7thMahOg2NQ=","/sQMe1tINQN16cYd56dCwwo4B7dr3QLcb7W+ROSMPXE=","pNGgN4kQcp28byHDXsuSoGfRXjkbv5f3wkmN5qwmLZI=","g3uxzGDGhN0A5xlZQQOnj+OKxm2aHfqGEosu2Uv3JUQ=","QjStmPGoaUsNF08dvh8PKtv5mT2TgxAO79PLuO6bpiw=","/+OvA2jK4TzdjMaGsI6gdlS8mylSVVa+Wb4hAhMMwjc=","kiMO8G8dxb/guqG/TGmFIg82JA5F3sa1L+KABd/u/Rc=","JwyEVIxUmnXR95A08Rx1b8VNf5BRDW8rUh0z9zgKP68=","mk7mj9ySBK0zHCRT/rZXpZa3og9kSiE0ALkbLaKr/MM=","parbKbWm4d/I+rjGb9u9BJmfPi7jkzhSi/xyHbGgajY=","SUlXjB3wB5blZnQPyvX+ShoGg2rSEiw7PV3Z7Fa6Dnc=","sSwCsO2RL+J3yQfSrKwKnTHyDmR5rxCfiFti1U1wnaQ=","zsvisHjnktHNk1DR1VdN61SRULyjpy0veztCehduz54=","WG1IN5K1wNZgrb0Hhr+CXHWLTv6DiPrbvyBSy6Q0A2A=","wAqOVNDWOKVY7KklSL8DDCv9BEBi61AqKixBtZDRM4c=","6JkyXpddxAVsplTdptb1NQLCgK0VaGi84qIc9/QtSlE=","EDvgmuJdBiIWe8AjqKAW6cd6hO3L33u3EBtX30dOw4Y=","Ure6x3fKLzbZEo0uHdAMKaUHzwb+egE1bOn15nJG7v4=","yi1IvEk45/OmF0r8E/HbeDX5wkmwhKJ2Ep6wAK+tJZg=","Wla6gXOFm8b4dcw/I2gEGeH7pd8KM0NdmmSQHGPir5s=","0qdasduB36JAzFj5OXqMkSNSH0dWfoRZcL/kwAnOa8Q=","y9qjViJn30dJihZh1HNoYpJ8gX7RSWw9HL2M4dqDJDg=","jWmyg8FNtkDGGRgx8jTNgVSRcLTfSPf2P8qlmD4zrjg=","dmHA3uqrxaWDlWL+F+8X4jpySlbbe2drf/wzZmNhO2U=","Jdjq/yVlK6jV9r9K+sFSrIAc5PKHOw8fqdzMP+hBj3U=","7dfuDsGE0Ji69A/4FEWARAZ7sebje4d5emWuSQvnjhw=","Vl7LqWKFiiLM2MvduBPC+not1Cdx0HXx6R3ngFocpts=","cNEPwkExz9PJ6ULGFIQtf24QOv4aLfEJKHzGcSNZo9Q=","2ncOSCZPZcYrVRwh22QMYHyAIyhwnTsWbOWnNTgg4DI=","oBQ6DlIxh1zhOp5RrB7Xb5zt3PWZdSuGckIRifHNqYQ=","TbP0z+3VL6wq1iMsJZrw+1tDZEtqxfdHhvnBafjKJrs=","q6oewMPodDAUZpV9kIxxXGJXIk9idm1ZUI+wuo4E4+k=","IFt1bAGd4yrsbecHefONJOhs7fXav0Qaz0yyHC37hDM=","CJNltWdmuk6CHYrBTw2hODnh2DEAibMKKrJ4thXqxkk=","0wq8weafgiGIWPlwvQxtYEiQIe+JtWwEL86QpVDPlmI=","zq8TRxC/r+3UfV6pMWVlbL3IvAnwUXO1OIbEjWFfAC8=","7K8r2H6SVJj2wljeTwSIQ035nYK278dO38W/diP9y9I=","byaWr51pHK7ckUdPnIxSHC76BLUE+Lc8FcEC4Wx2EXw=","GVs7dJAXxEpmkQzC1EKe4rc65gNgkWdVxvjL2Xs8HEU=","C/dCI9Pop9gHKxWf33aVaR4tp2QLvBUQlrxcQishAEw=","SfeAlJAeSmdD0nrAVcKndIJwbziv7mWmFl922rlwrYQ=","DQZjIZ0iinUK/VTwM4TF6HfOT3WaMHaBz4yxTlkrHHo=","umy7aT8W+oHrPqNV03lTlaPoDd1oRY1uK4LsVWwTKFg=","TbP+kVCYho2uoIKGku8+rZxbbjM6nU3+MK5Xdj+6DQ0=","y7T68hq58SXL9uH1ySpqXUNslyORv6+XqQv9JqcgJJ0=","BIuJNwXLNJpAr1s8B0k5lXgUpAxhlvlbQZRMCbhQtJI=","8BHUJ8ZQS4/ESLEVyhp/mnaB5HkUHwBI4JfQTqCGzsI=","Ry6bxPJJ8Io0mYTUeRiKot66IcYetKukfnVLEe/kB0I=","kgenvtGtEBL7bmpLXDPpz99935I4uqbwmm7lXWYgcxo=","3Yua2y8Wqmwf4jCvkLHzXj0ns5G2wWtXQDbcHfDk2ig=","F9oYIbFl+JutWQHIjmw/5ddurtyFi5HlOtreJF6BKW8=","hJxGn6M7qKNkaTWeTtoDalp7ZXmM4ks4cfspnGsYsxw=","927i4ENPVY+8mnhib53T0z1wCwQvgZUdnhglH/CyFac=","gLCvjjC3d2PPy8vaFgMvYVCMAMfhyMs47EOyMKZfMmA=","XySYgwUtc6MoURugfRL0X+auOKKQAWQdzncWB8TH8Pg=","8uXWIcxdprWrZylY6Md2SMM+1rEuAW8N1+3yhlDfKlc=","xDKkdLhFDyz35YeSw7IjhULbSQbiRtjpLIkYVWyyZCA=","PMyfCqEiYLyDruxesirTjTpR63WZOhOCkGHDZWm+32Q=","9HRuceoRgQy/7yAHtGU60uJPEs0O2dF4Y/3MZGSWGVA=","QAOB/052E18v9BtXwhsxyYCNOXHLll4kn6iPVk3acls=","LnU+tShXEsAVTT6yE4qit9ZCecCNYBg5yaP3hepAF20=","9EzW6wZQhNkt+ceKbBguqFPUyFJf8QkTRCHiiunBmr4=","k8pmc9SaBbvsvDN5JnmLxDqtzjT3rjZ9t4kxwSvUpp0=","S9Mb4zIlbogl5rOivly8xhlRoC4uvCqx+xFI4xAc4D4=","qUIgK0KRZ1qvC1Ru7jqXYdWifqS9+A+RRN5K7L/kxik=","8m4mDXYoOBdVxhhwbod3ZToMP+uF9JzgkTnKQUOsI8E=","Wa1FTph8Bs166x5Cr3yEsLteTJRNxSmKnkfVQsgrdI4=","wbfZkMIARJLxV12vXry36PlJ1vYrChNeXpB74ni7OZE=","ZR82W0IKwanGlzAncaaCuEEo3pbna4BIy+vMOmzX7+Q=","Q9GerqNJ1C1dJXA9v9Dz3mr9tOZwn4BUXKWMMrL1CfU=","MMummGMjgdbwNfeDzkhMQTprJQ/49REhZ9hJQugT5Nc=","9NAHea+0tdcZM8y70EaYBDJnCNIjFOKueHiya8B8jMU=","+oFhOhrkYYb/0aCQMQHJ6OIJMuYtMcdqVhwdxL/6R+c=","45ifMbLH7iIboxiM97bCo/ySh0l2QB09AMSxrblsKns=","0REHfLr03D/f/VjcGftqfVE9aVvI+KC4iyJ/7ipprTM=","yck5MaWfCqdTBzyLEZmj67E+Az2GN7b5k5yVk3QnLxk=","m050uGnF0cAuMDVnnDaX4A95kIADSs3NckCVK+AkYQI=","fLIfh23qh21Bqbrxh6XylWP0/rPTDNmApZPqG6bzFMc=","/pvtTdNZklaHe8DsmBdmtD6bke6OqHsVtvW9lLBmCaI=","2Tx6GfnFTizhu8odK9VeVJzOp6QrIlHBCW0l90r6Sqo=","sE4OamCGJv72Z/HRk7cpqnRsKWKrGolwwwW1Pp2C1bc=","r5oE0NrFAz7njt5RP+msoNmPTXyPPdm7MCYqgggh770=","0rIOXFJ3SqhSznabJld4dN5O7zVgu5V/8+Ud9l/CDsk=","HUuTCs/BoyxZn176Sx4mz4lSl6hwbhYGpG5i3APG2wo=","ilT8YKdiVL24ID/Qqvo+dZhzHWOpVFyQgCgLvz7DaP8=","5Cd14pLRsgKNsG0O2r92CB92+wPETXbjvV4wo7mE9RY=","AP7lRsbgJkS6UtwAg+UkbsvO/N8rVriB6tbtN9ggV1Y=","FlqDUVzG806YKwWijvN4LlCJxlYfHyAWoSvsBhkYTrc=","0BjnwBIVtXYZ8lGufcyQ90cN6kO27EhdofdRHgeB0ys=","judvngl+XGyRxmsFrPNHhAgIAgAotos5PiGvluYdh/c=","+lkpGv0mRgApn8irdf/xoXTDT7Yf29cIH0hIETuZHKo=","B5qF72sSOZJwpL+Z8565ww80mXX73HrQnbqQqDiZHfk=","h+7Uzf0Cjli5XT5HV/sGsCUWR0ATwLvwC0bS7ORHfRM=","Fhs3RKrF1WCCsQqleW4oWdwuP+S7D0cnvpEHqWwf5fE=","r0l/ekJRXCq/6DrgCW4jUX45FE0TxkZ723tqrqPe20c=","63q9pTdulSnVTo5U2BpLVGc5+DowVYfzCq0qTtqqSlE=","Ds8XwlYUiXEy0gLp06kXQEVLyRfyaw8TVmaEtsiiIoo=","G2ROMFPD3HvO9WEVwgbqK73wWksH5v2X4W9eYRhloq0=","A4gvkRoJEMXyEit1UxwnP1D/lSq9Man3oHe0pgucos0=","eroeJqdd55h51+5B+IKu75Rgj1zE8W9m4k8tIxLH1wU=","UKrdNmV7jFsLGh6N80U/fpCBYoh2He1hBadQApE4nUA=","SujZbUB7YBt45qZATQkdR1SXUhZhexNmk4v/vmeVUOQ=","Vdsr5IpSomFcJFATXbKtB4g4zZy4uarNdSuPiH6q/FI=","IywZrl1M6da9sUP4k1mkCaSMQJTZYQRXQhGWjvLk2Z4=","rgeFT6roPZYbhxcyS8D45++WTk3MA4HQsVycvAQUgPc=","Qlhwg0a+ZrFh2ZTX6zsdYgFszF5Tpp2BIaJUo7vD6lY=","vHKH8piRF3nIAEpjIdETUH1u/XJMS4vb9bzpYUel5Go=","hdBFFjAS1EZZjb8PANiHxyHauy8ajM6RYugFUHHpJ/4=","6IJq+zioFh1gRZMhzVQCCJ6k86jFxQCkc+79Uzq/ztM=","0Z1DydUA4tbYTRRnIjWQ+mI0qrZ7p4OT8nidq0ICcUo=","Ni1iIkZsHCKZnXjAORaqdHTBuH9hd/CvdO6lTopGlgo=","hNWjgIZf+kh8h10YkIFnIOqV1o+JnQDDt0aSlW9uA2M=","YNqA9abD4zZsZqKVQagImw91wkoWjg8lfmdZ6x31gbE=","3DnOIWIWaKFQGsd9fm+SWDP7C5/s8RTmcP/OvdpYO4A=","Hm5SLewA03QB9wSkNy7f9RowbfjYdzNmZi/ilDzh5v0=","wLMHAXHadVZl4qPEBJ16GiNRke0AljL56vCWHFSjEb8=","Bfc3N1/+Xaw/P/FGUTSsEwuH/kG2OqfEeqWZ/pugtdo=","P96scYtexF0otVHlcCPN5Lw+zwETV1EwtyAv5/l7ao0=","kFwX3jYN17AS9ZL+VERN1bKM56sMF1ZI5Od1V+ePGJI=","89DOXyJ3I+jMAioKbrE114+GxKN5gLXm9VOnq44yf64=","QD6sMgbDdAsIbCdQFvFji5IKOdMMh96nICwqiqANbnU=","EQwg/cPUhBktRz7qBPmcYhShWHNnAKYhEkm3BPzG4Dw=","F2TtyqIPYvGwtlIuizgkX//V9fmqphKoLg2vK7RgPus=","paHIZ6YzVDGVOlHsAW2iiOeCjZQri/R3YdkVV6ni6ZY=","y/o/xTc+8eCO8CsD45FQJalMDzyPt60Z0L5Ur+mZgXA=","3FX6KR/kXymTEjpdzttQZ+5RSBXqi+ZiG0jamYnMvT0=","aGT6M3N0fpllfB8wlUB9spOxJhzCWeQPNYSrvOPHD6o=","4CHNhXMmzSKcO/agU12J7B4bkgshWlX1lYBinp3+55Y=","cbdmduND4pt4tAF9k2aWj3v9bqR4ypvFal2kETG4UPI=","Y46o7IHi/jkCTz6rlrODZ3cay5JHNHzUlyqlJyJ37u8=","n8B2PNl/ymMxLfq3Ue8nDlUJllpO6adAPuPJO+7yFm0=","J0e1DVp+tSac9nIzl8muQSR0ECxRRaUfD85wJMS3ar4=","vRmRKcPZdAdgTRq3+eiKdX8G7VC6bs8g6GcA1ZIbywM=","PO8t77gxvmLzZHBP6ThjXXnizllA3PmmzWMj4fT6NOM=","BZCMECxa85bth4mygpFrxFS9g313doLkqbqqYSczROI=","mMrgiKhqZZevB+YcgXa4BRGIrosLzicA2TaVnAUbzk4=","uXgvDIQkwRYiD/ZJA1wIo12Hrx2P7QJa6S5+OYqsgsQ=","4bSDGf44G1prVut+6l7wB9aC7gn/94kprPYEbUosXCw=","m12rTazQ9pAJ1KgMYTZM8SpAqWU3cSkvcoWRGYYOULs=","6pcWFook6NZzZhgEnziNSWM8udcDffzjFEMRGQiSE+w=","ZEsydSD2L2LirJxrIDWI/HW+LdimzJTzNKzpZJsypGo=","v2xuRKGUsLR5QbWp7sWOP4H0cOm+Ol9UHdZsFwWbqus=","N+/75wNuK4Wx7WXqubJ/KL+uDEs8jx+5c9z+ufyXUJ0=","HU1szsizCtB+UI6CB/8JWlVu35+Bfwz7PQ2Tj6JkngY=","cIsOVN8TgI/YR51zVzrmgld2s0qzu3vF02T+GJyvvpU=","8GjnmrLE3AeuNHdxpdTn1gQDNuTx7BRFtC9+byc5XHE=","cTuPrwWcraEkMfEEIt2jymRSgDQnqxEY8j0NQx8gR4Q=","VN6bd7xCb4T1k0UlrYGmCh2dGmmpgsJMb5qvNsUcGPU=","hpkVfv4nODMhlATm9zhIUiWUN7lAjPLL92+G9lrBHPg=","U/ZI3CCotlK8uMBu7wf82+GlFfd64elZjwgy0JapjcU=","wqBbunptYEZeqXc+PeJ2phd06G8HeSALjNRM4xvkQIQ=","UFBWdMz7wQd1oB8We49PUczxQ4pRFzyL1F6v9k52sA8=","m5hZlbnIx3tyX1yWwfcP5zR0NerwO4nIbuIj1x06Nso=","VtxDAa0pfZcafh9wXfhy+M2jYGSlCKv8wcpVMoV7eaw=","Za3zYvlrqLw7RDliNSDSFe1V42k1PWL+Xr/XKR8B5GA=","UqHIC7UbTwC0+wddFwkrOnCCf71tDt03x1lu83E8zr0=","JzmNiVPVjhIoFqDJPi1fwgRKz0MkPAWqA63amgxBNc0=","2Jic3U63x5p7U4fQkTIxnT7z/NvqI8NP5qzTIXMZzzg=","eiq694YiRFi3urTckz6w/k/BeIkuhsmL0LG7jFBVIOA=","mrzDXY+mdr7gWbB1reXHMGGxMsjtcBOi/fP/1CgYQ0M=","MrkUllNimlHjRp0Q6xCgmNfUduQFzxRnXz/dwJhY4WU=","W43FefsEHLJ5KXgbvTFOE7WNt6wNQZ9Zv1TADWs+pBk=","Anay1aO9cW/G6Mnv5smWKWB7bFU64HJSnVc758ga1vo=","d1nrYnc8/NMVLKQKG7vNhP0K7IIwJta2ErY5ZOqa1Nc=","RWQerPbinvNkiHnOQsEY0Vdees39Gsy5U2yTuTQzP34=","y/HprU9KCi94aapsjI7ELAJisQ2QTlAvephMlB+lzsw=","mP8K+4wazwLMYSylz+F2PfzFjnRWsBryUwh+jwZN0Ck=","dnTVhs3RGLc8rwJjcqkEWBINTkfqouxRqTlr9xdfnGs=","vdIu6COv4H0vyAFkXVUwn0pp4o5MjiUP2Xk306FqLiQ=","n+1Qbd7/mlfPdQ9gay/Hw6fiJv5GTWVV8q+nX3VWsbg=","bImDfMcRVVBX4amD+NQPYuPqaeodQO1PUsJBYMeBJGQ=","GRvfk0BAood5PDAHRab7QNSz0elFhNZ3eFUOcxvRjso=","ousTjhcX5EzQRn/praGuYWXd/rWFnBMeMdkY+ntO3PY=","GuhuTjQFQKAmTawRJRkdgaKRv3Ib0hjKG3ZX8ss/6lA=","tBteeiwaCO0PG0rRSTKJ5GjFwnN8ytFNZp7hcuDFz3U=","RgXB+sfrR2Q925l6HGkmUr5tyGmisspXTkoR7q+TJFE=","kmW/QwlZhKzAfqYUqJm3lh4vKoE/GUSLscuhs+R/qYw=","Wdbh9LA43V6o1lIJyhTN12e3UrYRGCQfx1U63iAf7og=","2ERM5YJZksoyQWsSpx69dVC4EXPTSLdTY9+OfNYnOOU=","iEkmFElWgwvF0Sm8/9ervqahl5/wUSLAgQuBC48afOU=","oxU/TScJxQapFsW0K2myH85grLYR6ILVT5KgjVWJpu0=","2PyIbP8GIqydOYWYetfNTOwzFX26mDQ69ugDKkwOZGg=","zfo2kucAJ8nisqouwjl8D2j5GNKXYlK5cPp6HHB5mSc=","JFlqMrqY71dg5lOnWYevCvV5YEZQGwHoaLzn44xCCFY=","Ha0Fr4IsDNop6S9TjZcegsA+VlroUA5RAeA/AVVGvS8=","sipQA3WX4pSoq3aLiS0gKjJ1H2U/+TPYuQbhFAdAtFc=","0wwOsZNd6Rflxb6dx3HisBZu5sXqy99obKg4SSvCBno=","N+SrKP1t5lGzwT/Qadk9Mry5A0BWuOOA2HaxXVUpX1o=","S6x2geSVwjpelGa5wjy7SLgDHUpcEW1h3hg8dJN+mew=","gyoBxMASfYw3vzdgBxUCzskqPQBhDAm7W8SMjn1uLMQ=","cMa01AelDyJO0s3uslgGMukkM1IDcUqfw9F7InfTxfM=","I8T40+Zhmmr4oYUwfHc/178XmWkEAzbBDebtaZ/iCpU=","M7OvNP+2+vUqBV8UiBVhi2IIJBftm88n+hkzWti4nD4=","1dLREsEHnfN/M+bihegqM1oIKhxKrYIUvCGXRevcTvo=","e/PFj/tghh0ljZ5hjTZvGVAwjUWnQnteuSv3Qmo2K/o=","pB/gixiTYtiuR3V3JS61l+eI+O6iy4MJrDNNdq7rEes=","tabtc4Hp5SpHO9QJ32H5APuizDhdDfRIiEoyjypQNQs=","F55WQs0vKNPeg98w3/hYc72NRItiHNKkowTY7xeVV1s=","hHvcPwdN49a7pxQDvM1WoZnNDzzSzEGzf2wreu3LYEE=","AHif0/wvCKjRGkDNGxXmjZskOc482zk61sC8vQFii1E=","Wx6VQl4tqrBHPYH4egtds7MJL0w6XvQR0E8FB/Cd5Os=","EaiF+ArazGtFOG/XEFjUAjPOq9+2ILd2pA3zqtDmgdI=","BZoUwoGIo9/HRZNZtch+8J71N802ghAlfs5pkZ1okps=","SE9m40+AX2IMREI9zcuMkqCLdQM1sD2idFYCoSslo/w=","bAyne6L3MWWeTxE2GiagDn9tQS0FBGebS6A+0OPnSOw=","5GvfKc/jo90s5x7KF24fYUSyqbSt1035VRebUfcd4Og=","M0xGmrEVwA1qKGXbjnxA30QXdpJzbdb39f1ldK3iguM=","zF6dqEkJ82XnmsvZC1yuX6BPel4a0+7PHduSi1lCm2Q=","qDMKtVnJsT7WBPVmg7EF83oMP/rxO6vdn73YoPKD6ao="],"block_size":4096,"path":"option.983d8a45.js"},{"block_hashes":["raPbDd4jv3GdU+IdldVb93KeofORqDKOrnvLQ2yQ2Xo="],"block_size":4096,"path":"option/index.html"},{"block_hashes":["ezBjquBPWbojDiH+YFnQ4xr2xQoo0oYnWkcyjtZKoRs=","TGpoMIoXxr7Swzdky+R2s+ADEWXpJwLiiQJuxzugwQk=","9YKBOdERtoz+BwmWsGp26Ko0SWFyLxj2uOZ3RL3Tl2g=","Eq6ZUa/B5Rvs1dkdJBO43qmaDdfbK1nVjhPw8sOG0jc=","XzxPm/O9uhArX7HXlEZq6PU6FeMTcnu7i4nIGozIKJg=","Vj9VxpsCHmOApN4Oi0EGDNd6DRTqc5MASgjCQoUJH7c=","bUy5tzdiNN1odZu0OLkIOgat1MBzyI6Z+V5sY4+mHoI=","Kq3pZSjL/p6PPPdgJoopVMTo28fsdMOLyaK3uc+Imyo=","nqlr4sCpxbh1GRgJKgePDjmqvhUDpJBgFaHeClF/JbM=","mz6UUKgS3RGkg1YeRX0vU6ym2pTTQQIhn9//Gq45KcY=","ptNJEbr1I0V6VL5F5WiNxBNdDuZDzebc8bOkbaFh5OE=","p2YjuclvsR2AakyLnGNaVQYQazPvhwY7ThJtFMpjrQE=","UW0uvswo1rwVlyQbIGhnVNIwPlP24NyqI/5qdZ+ZtqE=","KCJUjAEEbkG0UgscGGdnqH2apJ9qqq6thpKDOzJ46Vk=","quKQFIqX13V9EgA0UTtPBroAK1qRb4a+DAstgny30Lw=","tAfaSsDlmnAwe9HWgnawArltNYMAjD3rgu3WDyis/N0=","fZ+7ASny4U8WqUFluuG4OLpdSYHMzUi/pxU0W8OU5qI=","hs6VQKubWZxHMi/SZgTSoHjwkFBuCx5T7eYiKx1zsyM=","V7qj7/f/udJHp+eUuq6mTGimXGve73qAH6vpPOaHmHM=","sPiJPovsTIAM7qcCHde+7o77mGZiIj/WXZVhedz+W+w=","NwsTcw9AzAlvSo2u8NtwsswykVwlJzIg9YBWkR4G9pc=","CiO7Wr990yYrHoJ9gJeTwN2zHirSwjUYxcr4fqk84Hs=","Y99Q74xOrGXTOf1LFZ9BcZ+O2TEEcxC4zHBwC6GErjA=","9GhU/XUTwp6gw1Mhdr6p0MLv1OVxt0+PsoJTh1MeJXA=","Jfv0cDU4vHSw0vtZC6t2HTWu5aS7Nz1V5Z8VkaY5UyY=","rR2yS00H6imlZJqzonE2lGY5JC84DbCsV82aXnGOjvI=","MH9NvWMRCpLTvcFXGrUK+Dh/xugD5XAhSZEYxlE70Lo=","GKsK1Kw/OUtMpL5MQJYOBIJZRmwgwzGt570axSmzWr0=","Ri9cml10I3rK3VOc6NxNjWSMjPXO64OY/xMt3oDNL6M=","HR8PiO2V4aas/UvNTJ1x+ILkXksOg1o0mu7jnIbbSeY=","bVdaG1lPeWHbtF0kdEPWiImT6xSjFZ46vCKP6novB0s=","kRa1myD9JvroOWruAi+B0s94CMQotq1JHSOV5gk8DlM=","nS1QYBDypUmQcmVTDwNZINh389yOQG0fNRXsdK4wUiQ=","k4Cvyu27efuZ/CbatMPPUPxfpWz9cJvRzIfkp0J62iM=","E3WnpfaG37C7R5I+iFyABp+bCxcZOY1ZHz/V7D9wpaw=","33DpWcZDQJ6jnfsaN+KDLtzhTY8OJTyX6Z3SwZYVubw=","Hxbc4cuf0oLqMOafnm2VCG/ZPacr9KXc60b3Uroeczw=","ya87Tmu5/3tid3e55sN5OTvJidMutLghQrS2zbywXbk=","S1HOsSbFrGjIcBkpNTOvzTjqv4DXBTZjhlVQtX+TYw8=","DUPdYHlAsK3ZgO7uIZS1uPPkFT+pplOk1e8a9NbIXq0=","fBgaG09aHs8uMmNPM41Oc5kHYS09izsi2c6ULI+ALEM=","dmePrjsX6bZ8dNxH7lSqg8cJZejMtw9I3gAPfR2JMxk=","NnQiznmhMG3cUyQYCiGEzcMtvyMdnGQV+79XWgPYajk=","Zk3EJEZpkmgUkeiNq5WvAuos3MTQ1nq4tmXI5akITBk=","Y7Gdegx5Npq3ud6LMQZaYmaCoeg6wDC6FpP3HQvF8Rw=","kDzVST4BrtSOzD53LH0YySpdAK0iMGrmEx1BBGd7qj8=","Lw3EFCUgvnEIivj58H95RScgEHeQUQtTq7djw7Et3nI=","nnCHtplRe8ELBSr+te0c/OcyAiSVDaRYVnuwyJSR3bM=","UZ06NHeh/RfayXA1LJhwEg41YswXLcNEOIPFqKZSZ8I=","FVkmHAKxMtVGbHaQ2FfASTgn8WzyFRpXiyfLPWLR3B0=","atl7MoVqP8rlB3LiIXCCujd/fUsjPkF8ZUcJWmUhGQQ=","/T4O70rVMcubKj0MSDvLcLq8e52tdG/704ZJogxvK/8=","/g/tZq82zH59CsaiJtmWWrt1APEpBykJXgvqGRIP5zw=","3hm+B70Jt4S9tPMc8YKEsCmSJ3aIfEGM49qltTN7VDM=","k7cIyGQURgguUhU0K+99fvf77JV6w44/pDSJVKUl/g0=","EZS79Kp7hvhAR6Hh5GpWUvB+a1B07suoLZ94LWhcPXM=","UohD3rr/K0Xmy7MUdFSi9LexPq0Hdjx+Rfw8erPBt60="],"block_size":4096,"path":"popup.9d12aae2.css"},{"block_hashes":["pGdiJR7ZDT+GAymPqy6MPEJ+Zy4OcikJdx5lKk/NDK4=","aLB2TkMJ6CAWFhxwdiO3G1dfrv57aucwH2klmAow32E=","IwrlahDzaBAn+R9yGWmE9cDksmpPKnhvpiF0wu/qMpA=","utTbvk3Xew8QzHqaZiIt0ywGq1Ww0lRpxDtb7FM/AdA=","yGnhOA1b3GXW69ME7f8c2+de558ZwhK1I3QchzWav3w=","/pOyFD9XjSIwyADH+2HJvSziGp2oAQU/El+GDcxAFJg=","+ZdD6qjqMQE43IwE/ubmJ4NejdGNVhE+SGbZOetg4rs=","JmwNpqVpgl6XbFcPmE48pj+2izdDtge4ng+jt9FsTX4=","N/t2orWVN55fWUizExIc5xBIHaOlrnfURrnD1BDtmOs=","8pkGG89gTZzU7lgZj1Ceu2yyIc3oOew6RAMtF+25U8w=","qFEISfniqp1DEiOp4UUc5hSTaFDtuoyEcU5G8R9oEis=","eyawb4xmq205q9Co/QIMHYqzqpOPsBQ6Zqqdh40hHfA=","mBIURsUiKy6dcV6Kq5WWsOrByfqQXTfng5ShV41Dego=","5+CpP/NhEjJ8O0W9o/gHwZnjw/96gMWimypTOmurtk4=","f2hoBWUFnM4LZcnlOWnU9iPrHu/K3/LDFrxOe5Nupm8=","HHBYYSdo8Qj61yrjsY+0Q14XLAGVl1MxwhwLo6qpHIs=","hHo3RsjLJvc0s3lRbk3bcPXV4JopREMTH7RNG0mSyIs=","uBMNK4ksDFtzl/OP9zDVbMOta4PcXZEFqwFGuYNadO0=","7VJM8RD33iPql5zl2iHd95whqpFIgoi4ujhQdA5kAno=","F6ssrlc9UWWE6mbp/wCx9X8JAfvkdnCEPWeiCW/tOUk=","Udg630IaQj9kXtXrgC4CNcdaYRqCDvmg6krTGS+kr/g=","hf3TzT4ddxmAvOfyVmiiYCMq0OLKOPtmmgY/wm9JfFw=","aOG+N+7qHny/lLEZtNzm1/8suOSg1CUxJTLo9cvlcC0=","kEedragzPohYzdOX5w5pkVyHhARHIfQi+otzm93D27M=","ldiJk54AM8WTka7lK1o7LDalmJ9ed82f/Jy4EzeDN+s=","Kc7V1S7uYstyWSVMyIe1RpuKWBvHTNsLT2j/fCGTt6U=","nEC8SkLVAvy2J3XN7oFh2D378PQo9J9UiJfAEiZMcCA=","Fcf7v/xhn81bJMhKLH0oqU6HYsJO0dlYRwgizACVqjk=","W7DYSjr4sUtRBDOwCRuvyfjcOaWKUjhilOULjPsZDV0=","W43FjqwOKR5agh0+Io3XHlhalZVZfUy4/e8afbjKbkk=","ZLJcjHGhQdIJJF3xpxHTBeWQkeVeYicpKItLSn2Dvkk=","QPxAzuk8yloMRGU/otYRd+U5t4TIhb3rw76Q7AIm+4k=","U64oM2nHeyHsuC58I9ezDS4b1UePsNtpcM6uyR+vTqg=","jNLA0rhAfXA1maPZ2qHUBuq3vhOlbZU25c+RToZG5jQ=","JiRkfpzlToHax5KDNUxBYwnLAzlx/WlEL6GAknHAD94=","r09eEQAs2LgKRv1ThGzlLyB8DjzTUi3VDwWWiZU0iu4=","G3gtkmL09+QyS6xrCjfZbBuC+MyZj92XD5rQPAHUmdo=","pDZ1isN1pCb2hgtj+bNCD1da+oZN5Nto25Ty2qLG6ls=","lj51rIK37BY22FT6KroLgsryNQQREoaffCpCBrz7574=","aN/RSIbiA6RXkJXILi3HjjQyPUbUK2j/D4QYq5briks=","Po9cWnUuMtkzbQJcE7+bYK9omSOwFNkSpKiw2GqVeig=","gVLyN+iiI5eMvNJ8g4JYd7WcIk/icDwcSKWwDWkfYmk=","pxK2Mm+0hB4hyZtsplAfMTvravaCxv2y2Erzuyg6PEk=","kRjQzH9yxcSy8UMa53guBsuQOxqMTxfdedI6WmoLY9U=","TraNN8kpM6Wvud1zbwiGBMJM4SDPUVUpAENMLpKFq/A=","wrAk6Xgs7tnuNOdDBDi+SqaUJ591L2/yuUg0jgsZ0uM=","AaPY+NSuBtDbRl4BSsjfnnlWVcUOvMaIPTGYEhIppgM=","kSjtElw2FDf9t4uWjOJl92mafzyOLb5lTbSyOdjLZUY=","mkb88EocOeqruWzkcy/6G5n5D95Koyfia1QgTC5o+CU=","3936EddP4a859eo2XfQZ1DYkpkaNPDqe6zd+h7gstmA=","TDuIKDAnO/wh2nM3upeFzaEjrgOWCrFJJGlPnXBqxMM=","pgNsAgcAROchMAU4jP+6s7b5Mcben3qDCQf5jb3ih8U=","+AK5nsmYocSFTi+zZqevHFgozaHKHbu75H5oMqQfNBE=","Rdppb4s21WnGDj4T5rNF0UBdIkQ/gaY/v/N01xgbz6o=","2Dw8426YPrQD01UlrKDlstDjQvpWQgIn3xhXU+c85eY=","BWBQO42zfbq7DKuq2zdG/HpuYf9//22BgG4o7WgruTs=","ovNwRnKZ1zMqo9gHsbt+s2A0KA6yMeuHWowRqjLwdsk=","K0yHFuWyqTBYYGpvmDaX3tj5RJoS6RGSPhKtNucnPc8=","yjcPJi2wbEi+3KBRSfTeB4Aa5TH4jXf4x0iylnhsJ1w=","wfD4eqPRO0ufMNzNvl91zYZD6rPBOQPQD0oQ/96YTJs=","iA5LPm3fzyYeRqN/H/Alu6QY3O0e1lAOpEyDpUvaO1s=","np/ftS6nFwYX51P3ERI7QDcQr7Xz/7TOggxcwUpT3BY=","QBUv4GQNZ7dPZquN62MMInIjn8LpoR21w5u96qpVX5Y=","1ANCAvaINjPo8fUIAyo9Cwty3zFPq76abP+iqsoeGAw=","7Xh0a63xaEiBxHpYuPPdB5Utcj6N7nLdRLbIEIqeG2s=","6RpuGApyh3+Xl6wFihZWZc4S4FRBtK5Gtfevjsc0zP0=","OdtDRmPTw7W8mNYXBRyOJwffFd4+WbRgwp/BSloqlF8=","AhuR5Ee5Cn/XfJ0F0tgsW2ldMTPSnXZqAV/EL30kkO4=","FZi4lTikLfq/fRyYfTEbRH8NG7b1dzGyaoezJNIvsHo=","EhDNeh4civSShShI7zwyEqZttQnb9Ezz65NJ/SmWc3s=","0kpq7gFIkONqGPqtMsh27ETqJRJSUTFWA0kwE8swflI=","WJig45q5dc0PqEqZ6oH/wtTYsrRMXwqXhWdCgSq4FZE=","QHqpYOBMJujRFz/SffB7k1X5TVrwYSGNYZwdOUwtsUo=","5gFdNPw226IJ28rwxCow4vz8r9mVIBp5TSDXxN/N8Zo=","i0wNlJRJwo+kt1z+Q698m+Ap0bw8PKOtHBb/c4vk0/s=","cwMlWJRUiXGWmA5HMDrXzV4KfMgOV9ARuChnCsIp6xU=","tLjOpANWJXogUP1UJKLQ49Z7mbIMrrqx5P4/fLy28/0=","+LzfDGb+WODF4wAV3H3ykjPlnJ32yExp2mzDdSQuCuc=","f2v059Vv4wrld+i7dpQtd5Snw3eP4uiVjVIazIve7n8=","ypEjTLtldUsTuE16TFT80g4hNAHQpERFNKJvHd2eeyE=","i13h9QYxoQFC4CPf4zGrihXffP14XveW5vfamV59VZg=","I2vG60QuAqgteHoZT6rSnekV1jltrsOTjKy+pzUk/1k=","7WIafjzwywA+fI+DTx8ad4K5/9eqalgAOqr3VAeIcdY=","qofypMxDJJKvdYGODtpglle+cL9M3X9HnpOtJ3fZheo=","tj6OfHjAmd2UDVbsQN7dYOSAUEMWuNfiC3g/a7+FMH8=","w9DO5pgVV80Xh/Nb+5gB9XIiI3To7P0D2vL5Sf8N8C0=","+TZUqPKMN0aFt2c6ljNl+VE4y9zpNExieoc+P4krxiA=","b7UE4zZO+RfSapvGYfE8lva2SCesqVvHipHY8REME08=","zs4N5Oi4GRGpFEswqEfjmR0S7pF7+d4LDtMRoVOXZBY=","yym/vY4AUy3P2sqSRX2DokZhHPMePsQON9Sonp3sYa8=","79hTXh4CUvcFDecaMHRX67dId9XEutXD2xc7q3KmVJ0=","TQpFf0lHh3i3nt8zl9zQrtkOEHHDXa949HVrFrd0heQ=","82GWeAfBh56J5Yx7Urcsk8SZYFceiNZ5NTpVgy4MWP8=","mKpJNdnZvGePVrUh/2Vr75X13K4NNoNtQs8dn7Mz0Kg=","9yHtP4SYgxUkA7N6nSgC4Mhb33/JPCZheAFPQa09OPU=","s5kbiiljYewooKVXqWiiAmA4nzpKPENMdORLcBEX+Is=","ddtVvXEVXGr7Gb5+8J0HGRmwMUEHU3e9RkjpreOr6Ow=","M61Swa2Hu3XOPJSQ+R6FZ9etU4BH6hdqgaUGm8kuybw=","51KXvBCNjIr/A5nZOzi1/2lIMP09sJFl3U9LtdokwT8=","v/8CBmjmJ7HG/opanypxzKnvLKgSJMYgI9OyNkn7j6k=","6iYhRyZvUvHwEDzI98Jxe+y2LE1GR0E6BBnrrsZfTPc=","0JSecvaDgLk3Oy2oAjBU9za4pYf6/yMuL37ienVYo1k=","X8IdzVF08AIN6p4p56X2vw55N7BeI+lz9aJdCAHKAWo=","dEHdlQJpsaxZUy3t2UFDwF8099pYEZbKjxsvayTwSWI=","wYpsD3fZBEllreUv0HKrrMwl1PGq8G13vqOpLs4Vjko=","Jl28O+/DR7GK+TUh/A7yhRa1w09Jtemq5Gte9nVsMzE=","vCeSA6mN0uws0sficOTorSVxk8GbShuEaMpNHKdLQOA=","vLe/56GYsVOolCXimlpOrYvuctOu347ZRQHOA+xe2YA=","X03NK+ZmalT6cz7WGjS0e705htfDGp5wIahMvliJUAA=","Nmagjbra0UZ1VEGGTGrmIPBe+hdHggZbYDxvQW5xw3A=","VxzwJ2Hsce7C+GcxMEtipGHI8xGLcKwqgRyhbegIaZg=","O1zpyp4T+VlV9Q4/lMwzpbu1q6/sGfgUzl47ek7ikTY=","lN3CXIpmNI+ofvMUlfNT8P+KRpkKTdXstdrn0A3LJps=","ZFSDoZFJuyKl38/aSrmW9/nloUpYmbx6scXKvX92aFU=","PRZlQGftgwUCnRhOs2LvuIam5el0RIaYsgEn0lQuQWg=","CFYBUkfHdrUpRPs1ymDpNdOaqLQDt4DhnvY47utt+E0=","x9wTf21I2gkI5v0WC26Sko/YpMzDTqkNNJqjAZkWJ00=","0ef8rxva6QFB0yYKGZL3UUzyC0qr49m7qJ59E6QLUks=","37ghcaRfTqkLHlJ6eJqFVOTqG8sXh2v+K9KFuaBdOmQ=","mi9a9zzbEFCjMNtnnYbCOUuAD9I6SVpvqPA1WLKAcbU=","ORDuTcNgsXVzH2zDEo0E4b6VsoXMQGcC7JoURG56014=","wdqTGnkqNePBf/nFqJT8uU2SOj6nXqv4ch0fPksXmL8=","4u0D2woNK2AzLnXD5QsP5c2bllastZFfSIP59+HJYQc=","jeKTKY7nS7ELxO7hb2gLzLmXYkiYpeonupv9UxLN8JY=","3Qvac7EA71f4G83VxwLUR0oiwY1uQZbAjspl80agHEk=","AS+8lyl+/mfN/5QN5myrro8OccIQNYU0blNSfEz33ig=","XCmXGyQAJ5PHx593QvFnU5SjM2nEKbrJJ9CMjIX4d/4=","Gm3UyfioYAPSFp3PQkgOnNekwnhCk4BMmitW3KheeN0=","du+JLgTUcramkWYRz3HOHQPXeMG1kADIS6rjxMPAg4Q=","D+gRxkiqY9bCvevSJMkJnkpo8wkKeY2uflBiwFwRXUs=","Z4K33ALtMxemdyca8fJ06ntYodSBG4/P6hs5iGyQS8M=","mtDyRYk7fzLbptc9F4aeTAEBnCr5VyfyyRFuA1iPMuQ=","74/a1DwBSnDV6ho7bq18wzrDc9XssG4CdFbInEyKWsE=","UvhMA2xBV2E98jN1bOGcymC//7w3mOIi11fS4oEqmZ0=","RwLI4fhb5bYDI4GPt2en+j+S6S+/utnHIIzOCIzmOfw=","TkvGUwxaCXfs9MKdBMnlwXKvyow4M54BrMJRzaAIvPs=","EK6vYGX/j5FUy3FcVDJW/7K2uZlPE/ywmnQclkkk8xc=","iDA1tlY5lN+/tWut7SN1IL14jZKoTK3zGB3o5hiBwys=","fSjqgiykMcYly0XOViKti0yX7jYRNXVkE/er8kiMb6U=","qMraCdfWG9uZpfSKTYV71m90MBwBRPhlVtoQZEVEEUI=","kPYXcVYcLTqbNr6y9UutTriwkK+a8lwl1r4MMF4Llbg=","0e4JTE+ChProGET3hkgGx4CMB1wxz5iXmDlMcltArZQ=","FDEHuGAfVburlJfhsjARk5GF0EoFtDlbhjdua9Qhoco=","qVszwj8BlxcKRqjNZMSFXX6HaRRum/Mu+G7+kEZEVYM=","u9CQ4z77JEfTdIzNRobJ5soXkgDRjs8kt9DyzqS/7ko=","KmXdAxRYYHeg2ymaPssTlQntPjXG0Yp9LZGkv1i96vk=","I8rD+H8a6oJ88o0Sls65LMeE6I4xjVxQ5bFm/tjfbyY=","0I+RQaScg7PNc+XnGR8KldaNwbw4bwlEO4H4u5MX0k8=","YdAVxQ30CwpcESrKuM0Er4bAP2v3k2Lbb+WkY6Dw/HY=","2yQ9n/RKbog2okzmFbeJbweFBmSvI1wrc4r7BMHfIE0=","SdSmc/Vyq5cJaVlKrXyOTjgDIAGNVWEfi78gsdrw01o=","qBMHhjTulvDNDDCogB7liMKN/3QLfmoPONDEnbjVmOY=","AQB9qMGoJ8pe9K0DQUeT8cv1Ep8SHPk1XWz9JbkWP60=","rW7kfQHZmH001zvcrj8M8K61R2z/VBvDOVJ1wJIIgbM=","0pmnwo+waBcmT/hkP2YrmGprzVrw5Qd7D+V4gMyaeig=","qXjIDsB12KzwS6H+yH3GMk6ZucMm1oLtO85x40jzlJY=","QPdlpYfqvIzIrDkp1gK3jYzoIbWsC6rBtWY8d0bWoxo=","dnfmU7j3l5JcNvaW35LpkQ4+5boFIz1GXhPV2UqMzOM=","toTjue2dYbI7VgvOL5mT6dnS+vIc5KYXJHpFMKKONh4=","aN+u4qs5LX+ZMt6Jd92aMByQ82JhC3bJPH0I/mKau2g=","HTsWKEl35CSKqb4se+NGiHFU6Aq+uEHeEidOzYRUn1I=","XbFRNlx/87E+tUIW1VpY6xVULBSrfBq5Y7+eSl1V6tc=","/Y19WFwfWE9NyDf8WVtDop8zOI4xzQINVKJ9kcOEquM=","EO3UKxywk+V+atnakur+eXtt3BtkdB2yc8hdc9L9m14=","cwtYlRUWnp7ERGA/gpXPQ38BhlO0ctU1obp86DM8rMw=","bgysKSS/V+2V2cvvjJKxIZ2lb9J5pqeI0OHHR1S+s7Y=","6MkFa23gbH2xbVvvQnHLnO+euXxbDEIrhM7SuIlQVkE=","cAy7zDGOzbwlWZ+bzTZ6dqZ1zsFFNb/W5SPhvQZIDUE=","YALAy1EdVvrXHoZJxAB5e+/gRF683iNOPrMIzmSUe04=","JQnzw+TXY2y6XDNkZ/q0tchuChfsA6/+gNxj6LkgExA=","o2YhQYwVzAFkYTmSe82cwIDxZz+q6UdIv4RYoH0OIAA=","N5kgVlKbLcUNsg3WGjYX+hjsNt1m89IOs+S0wFPq8i0=","hKGkE9MpAoUypY34QO21yGUHbtbf0//8cVpju13Zjs8=","Mz0v+nRV25FGZykNZ4Lc4hB8MF3O/hcrkTxwaJ68jik=","OPbc0L6D6LjGV370YCSC39WU/YbdrWLanjuKrangzLs=","mGWSDXxZqRCmhKt4oc3RqQTD2FfpDsoorFyqb/kdDHM=","nD1QQCLUmph8aoa7PdBK80TNYdXQNlI+PFCm7CLHS20=","u22Hidj1WyKmFf1GaRBFvsyL+QHcW0s8RDmcLUXU8TY=","OV31CYd5MhX9V3/1sFZreRsTbXDhCoh84XNJM93zTdw=","ZDJrqUuJuytzp+HBfQdV+4P/o/5L6rZpcBgh7yuMuqk=","F/oAQxLSQfCYGcZtkr4463dzJItNAStyVHALN01nJeo=","1G1vAavsFF24WK3Vrh9sRDn0P7Pp+X9vzgZNtigavvo=","h1mRgeINoSDr1hf/XSwLIScO+MIsonv4/RMwg3i28aA=","o6WOk5FvGMe0Fh9b95FJcuSaY/Png9Wxc7TeBQBXl4Q=","qsHgqGDiX3oigX28tEFPRQ0oHmLZ7gnKlSupL/NzSeA=","uMSx9yvSrY//1YTRzFsfqqPvJPt0ZPEhCsSVHw1heYc=","2/gIh39yJxfQc1c2LdAe6jw8nIXcZ+/qw5XNkee7l48=","p4OTCiRFs0++6a/qnp4cUHjNuIOfuOASDDDB+NItrDg=","FU1jkQXO9tj1ZhlaBQStsezBmloekSJs4SNPevcI7fo=","H5btKirDFB6DveVwiK91XgWZpqz4/SussBXO/WTp85M=","LKigOnKFWbCEeAA20NyPq9R13WzUuIP3F9R1lDvCZpQ=","lh8hDjkkLyiwCTYlkMbVrJ6VsBlGTC+q5ikiIdJ7Nz4=","k6nrTeTdLUKzyGEviVaeG0spQ098SfqTUevE++tPkCo=","l8CahyJR5M9DOnw/E2VILM1fifhSDjdZL/knNzP5LKM=","qrQsRj8Bu0hsPfNgIAyyNRy6RCFTagPbGCDFY6qkwGc=","fJIqxK/cWp4OTSgdnGcjFQBUZJKITgqwWsQz6y9gSTk=","HVuR2nVjsyESF3/HQ4fsg6ZmKd4ICRTIQiRSeXLDZZ8=","UXyxFVcSB+UGnEKP9VKZpWr0WNApxQ5blCnHAVE4t8c=","wTTusOxhmUVNruo8+pLzCsYzRx21FyLXdanK+tkMXM0=","vdCpPC5I5RR40uG0U5ACVkaYfw2kvNHL9TAVlY+rU9c=","DlX1bDamMEFU3CjGhujzaJYIagrh+r2T0Ofdsdoyg2A=","+cO2wPfm9LiyPH+fwZ6qxHzDHu3Sk9eFu2mIK/eG1EU=","7pq77hxNTwmrNOx0m80GLuQDTP3AuBQvU0Y9u/9uWgs=","M/rsdnnzASX0AQK6Evd9YHqYmhjo1vzWR3Tgri4MkwQ=","Wd43RNU7bWzxeDfO6HxuvmO1kviaQatPu7rvPXsEIVU=","KEAchGiu8ootdiDE3TrZOXjb2HSz1teZW82K4kSXtbk=","gaDnanzgbS1+G7z1UFVmMNUKyJkEg2+V7thMahOg2NQ=","/sQMe1tINQN16cYd56dCwwo4B7dr3QLcb7W+ROSMPXE=","pNGgN4kQcp28byHDXsuSoGfRXjkbv5f3wkmN5qwmLZI=","g3uxzGDGhN0A5xlZQQOnj+OKxm2aHfqGEosu2Uv3JUQ=","QjStmPGoaUsNF08dvh8PKtv5mT2TgxAO79PLuO6bpiw=","/+OvA2jK4TzdjMaGsI6gdlS8mylSVVa+Wb4hAhMMwjc=","kiMO8G8dxb/guqG/TGmFIg82JA5F3sa1L+KABd/u/Rc=","JwyEVIxUmnXR95A08Rx1b8VNf5BRDW8rUh0z9zgKP68=","mk7mj9ySBK0zHCRT/rZXpZa3og9kSiE0ALkbLaKr/MM=","parbKbWm4d/I+rjGb9u9BJmfPi7jkzhSi/xyHbGgajY=","SUlXjB3wB5blZnQPyvX+ShoGg2rSEiw7PV3Z7Fa6Dnc=","sSwCsO2RL+J3yQfSrKwKnTHyDmR5rxCfiFti1U1wnaQ=","zsvisHjnktHNk1DR1VdN61SRULyjpy0veztCehduz54=","WG1IN5K1wNZgrb0Hhr+CXHWLTv6DiPrbvyBSy6Q0A2A=","wAqOVNDWOKVY7KklSL8DDCv9BEBi61AqKixBtZDRM4c=","6JkyXpddxAVsplTdptb1NQLCgK0VaGi84qIc9/QtSlE=","EDvgmuJdBiIWe8AjqKAW6cd6hO3L33u3EBtX30dOw4Y=","Ure6x3fKLzbZEo0uHdAMKaUHzwb+egE1bOn15nJG7v4=","yi1IvEk45/OmF0r8E/HbeDX5wkmwhKJ2Ep6wAK+tJZg=","Wla6gXOFm8b4dcw/I2gEGeH7pd8KM0NdmmSQHGPir5s=","0qdasduB36JAzFj5OXqMkSNSH0dWfoRZcL/kwAnOa8Q=","y9qjViJn30dJihZh1HNoYpJ8gX7RSWw9HL2M4dqDJDg=","jWmyg8FNtkDGGRgx8jTNgVSRcLTfSPf2P8qlmD4zrjg=","dmHA3uqrxaWDlWL+F+8X4jpySlbbe2drf/wzZmNhO2U=","Jdjq/yVlK6jV9r9K+sFSrIAc5PKHOw8fqdzMP+hBj3U=","7dfuDsGE0Ji69A/4FEWARAZ7sebje4d5emWuSQvnjhw=","Vl7LqWKFiiLM2MvduBPC+not1Cdx0HXx6R3ngFocpts=","cNEPwkExz9PJ6ULGFIQtf24QOv4aLfEJKHzGcSNZo9Q=","2ncOSCZPZcYrVRwh22QMYHyAIyhwnTsWbOWnNTgg4DI=","oBQ6DlIxh1zhOp5RrB7Xb5zt3PWZdSuGckIRifHNqYQ=","TbP0z+3VL6wq1iMsJZrw+1tDZEtqxfdHhvnBafjKJrs=","q6oewMPodDAUZpV9kIxxXGJXIk9idm1ZUI+wuo4E4+k=","IFt1bAGd4yrsbecHefONJOhs7fXav0Qaz0yyHC37hDM=","CJNltWdmuk6CHYrBTw2hODnh2DEAibMKKrJ4thXqxkk=","0wq8weafgiGIWPlwvQxtYEiQIe+JtWwEL86QpVDPlmI=","zq8TRxC/r+3UfV6pMWVlbL3IvAnwUXO1OIbEjWFfAC8=","7K8r2H6SVJj2wljeTwSIQ035nYK278dO38W/diP9y9I=","byaWr51pHK7ckUdPnIxSHC76BLUE+Lc8FcEC4Wx2EXw=","GVs7dJAXxEpmkQzC1EKe4rc65gNgkWdVxvjL2Xs8HEU=","C/dCI9Pop9gHKxWf33aVaR4tp2QLvBUQlrxcQishAEw=","SfeAlJAeSmdD0nrAVcKndIJwbziv7mWmFl922rlwrYQ=","DQZjIZ0iinUK/VTwM4TF6HfOT3WaMHaBz4yxTlkrHHo=","umy7aT8W+oHrPqNV03lTlaPoDd1oRY1uK4LsVWwTKFg=","TbP+kVCYho2uoIKGku8+rZxbbjM6nU3+MK5Xdj+6DQ0=","y7T68hq58SXL9uH1ySpqXUNslyORv6+XqQv9JqcgJJ0=","BIuJNwXLNJpAr1s8B0k5lXgUpAxhlvlbQZRMCbhQtJI=","8BHUJ8ZQS4/ESLEVyhp/mnaB5HkUHwBI4JfQTqCGzsI=","Ry6bxPJJ8Io0mYTUeRiKot66IcYetKukfnVLEe/kB0I=","kgenvtGtEBL7bmpLXDPpz99935I4uqbwmm7lXWYgcxo=","3Yua2y8Wqmwf4jCvkLHzXj0ns5G2wWtXQDbcHfDk2ig=","F9oYIbFl+JutWQHIjmw/5ddurtyFi5HlOtreJF6BKW8=","hJxGn6M7qKNkaTWeTtoDalp7ZXmM4ks4cfspnGsYsxw=","927i4ENPVY+8mnhib53T0z1wCwQvgZUdnhglH/CyFac=","gLCvjjC3d2PPy8vaFgMvYVCMAMfhyMs47EOyMKZfMmA=","XySYgwUtc6MoURugfRL0X+auOKKQAWQdzncWB8TH8Pg=","8uXWIcxdprWrZylY6Md2SMM+1rEuAW8N1+3yhlDfKlc=","xDKkdLhFDyz35YeSw7IjhULbSQbiRtjpLIkYVWyyZCA=","PMyfCqEiYLyDruxesirTjTpR63WZOhOCkGHDZWm+32Q=","9HRuceoRgQy/7yAHtGU60uJPEs0O2dF4Y/3MZGSWGVA=","QAOB/052E18v9BtXwhsxyYCNOXHLll4kn6iPVk3acls=","LnU+tShXEsAVTT6yE4qit9ZCecCNYBg5yaP3hepAF20=","9EzW6wZQhNkt+ceKbBguqFPUyFJf8QkTRCHiiunBmr4=","k8pmc9SaBbvsvDN5JnmLxDqtzjT3rjZ9t4kxwSvUpp0=","S9Mb4zIlbogl5rOivly8xhlRoC4uvCqx+xFI4xAc4D4=","qUIgK0KRZ1qvC1Ru7jqXYdWifqS9+A+RRN5K7L/kxik=","8m4mDXYoOBdVxhhwbod3ZToMP+uF9JzgkTnKQUOsI8E=","Wa1FTph8Bs166x5Cr3yEsLteTJRNxSmKnkfVQsgrdI4=","wbfZkMIARJLxV12vXry36PlJ1vYrChNeXpB74ni7OZE=","ZR82W0IKwanGlzAncaaCuEEo3pbna4BIy+vMOmzX7+Q=","Q9GerqNJ1C1dJXA9v9Dz3mr9tOZwn4BUXKWMMrL1CfU=","MMummGMjgdbwNfeDzkhMQTprJQ/49REhZ9hJQugT5Nc=","9NAHea+0tdcZM8y70EaYBDJnCNIjFOKueHiya8B8jMU=","+oFhOhrkYYb/0aCQMQHJ6OIJMuYtMcdqVhwdxL/6R+c=","45ifMbLH7iIboxiM97bCo/ySh0l2QB09AMSxrblsKns=","0REHfLr03D/f/VjcGftqfVE9aVvI+KC4iyJ/7ipprTM=","yck5MaWfCqdTBzyLEZmj67E+Az2GN7b5k5yVk3QnLxk=","m050uGnF0cAuMDVnnDaX4A95kIADSs3NckCVK+AkYQI=","fLIfh23qh21Bqbrxh6XylWP0/rPTDNmApZPqG6bzFMc=","/pvtTdNZklaHe8DsmBdmtD6bke6OqHsVtvW9lLBmCaI=","2Tx6GfnFTizhu8odK9VeVJzOp6QrIlHBCW0l90r6Sqo=","sE4OamCGJv72Z/HRk7cpqnRsKWKrGolwwwW1Pp2C1bc=","r5oE0NrFAz7njt5RP+msoNmPTXyPPdm7MCYqgggh770=","0rIOXFJ3SqhSznabJld4dN5O7zVgu5V/8+Ud9l/CDsk=","HUuTCs/BoyxZn176Sx4mz4lSl6hwbhYGpG5i3APG2wo=","ilT8YKdiVL24ID/Qqvo+dZhzHWOpVFyQgCgLvz7DaP8=","5Cd14pLRsgKNsG0O2r92CB92+wPETXbjvV4wo7mE9RY=","AP7lRsbgJkS6UtwAg+UkbsvO/N8rVriB6tbtN9ggV1Y=","FlqDUVzG806YKwWijvN4LlCJxlYfHyAWoSvsBhkYTrc=","0BjnwBIVtXYZ8lGufcyQ90cN6kO27EhdofdRHgeB0ys=","judvngl+XGyRxmsFrPNHhAgIAgAotos5PiGvluYdh/c=","+lkpGv0mRgApn8irdf/xoXTDT7Yf29cIH0hIETuZHKo=","B5qF72sSOZJwpL+Z8565ww80mXX73HrQnbqQqDiZHfk=","h+7Uzf0Cjli5XT5HV/sGsCUWR0ATwLvwC0bS7ORHfRM=","Fhs3RKrF1WCCsQqleW4oWdwuP+S7D0cnvpEHqWwf5fE=","r0l/ekJRXCq/6DrgCW4jUX45FE0TxkZ723tqrqPe20c=","63q9pTdulSnVTo5U2BpLVGc5+DowVYfzCq0qTtqqSlE=","Ds8XwlYUiXEy0gLp06kXQEVLyRfyaw8TVmaEtsiiIoo=","G2ROMFPD3HvO9WEVwgbqK73wWksH5v2X4W9eYRhloq0=","A4gvkRoJEMXyEit1UxwnP1D/lSq9Man3oHe0pgucos0=","eroeJqdd55h51+5B+IKu75Rgj1zE8W9m4k8tIxLH1wU=","UKrdNmV7jFsLGh6N80U/fpCBYoh2He1hBadQApE4nUA=","SujZbUB7YBt45qZATQkdR1SXUhZhexNmk4v/vmeVUOQ=","Vdsr5IpSomFcJFATXbKtB4g4zZy4uarNdSuPiH6q/FI=","IywZrl1M6da9sUP4k1mkCaSMQJTZYQRXQhGWjvLk2Z4=","rgeFT6roPZYbhxcyS8D45++WTk3MA4HQsVycvAQUgPc=","Qlhwg0a+ZrFh2ZTX6zsdYgFszF5Tpp2BIaJUo7vD6lY=","vHKH8piRF3nIAEpjIdETUH1u/XJMS4vb9bzpYUel5Go=","hdBFFjAS1EZZjb8PANiHxyHauy8ajM6RYugFUHHpJ/4=","6IJq+zioFh1gRZMhzVQCCJ6k86jFxQCkc+79Uzq/ztM=","0Z1DydUA4tbYTRRnIjWQ+mI0qrZ7p4OT8nidq0ICcUo=","Ni1iIkZsHCKZnXjAORaqdHTBuH9hd/CvdO6lTopGlgo=","hNWjgIZf+kh8h10YkIFnIOqV1o+JnQDDt0aSlW9uA2M=","YNqA9abD4zZsZqKVQagImw91wkoWjg8lfmdZ6x31gbE=","3DnOIWIWaKFQGsd9fm+SWDP7C5/s8RTmcP/OvdpYO4A=","Hm5SLewA03QB9wSkNy7f9RowbfjYdzNmZi/ilDzh5v0=","wLMHAXHadVZl4qPEBJ16GiNRke0AljL56vCWHFSjEb8=","Bfc3N1/+Xaw/P/FGUTSsEwuH/kG2OqfEeqWZ/pugtdo=","P96scYtexF0otVHlcCPN5Lw+zwETV1EwtyAv5/l7ao0=","kFwX3jYN17AS9ZL+VERN1bKM56sMF1ZI5Od1V+ePGJI=","89DOXyJ3I+jMAioKbrE114+GxKN5gLXm9VOnq44yf64=","QD6sMgbDdAsIbCdQFvFji5IKOdMMh96nICwqiqANbnU=","EQwg/cPUhBktRz7qBPmcYhShWHNnAKYhEkm3BPzG4Dw=","F2TtyqIPYvGwtlIuizgkX//V9fmqphKoLg2vK7RgPus=","paHIZ6YzVDGVOlHsAW2iiOeCjZQri/R3YdkVV6ni6ZY=","y/o/xTc+8eCO8CsD45FQJalMDzyPt60Z0L5Ur+mZgXA=","3FX6KR/kXymTEjpdzttQZ+5RSBXqi+ZiG0jamYnMvT0=","aGT6M3N0fpllfB8wlUB9spOxJhzCWeQPNYSrvOPHD6o=","4CHNhXMmzSKcO/agU12J7B4bkgshWlX1lYBinp3+55Y=","cbdmduND4pt4tAF9k2aWj3v9bqR4ypvFal2kETG4UPI=","Y46o7IHi/jkCTz6rlrODZ3cay5JHNHzUlyqlJyJ37u8=","n8B2PNl/ymMxLfq3Ue8nDlUJllpO6adAPuPJO+7yFm0=","J0e1DVp+tSac9nIzl8muQSR0ECxRRaUfD85wJMS3ar4=","vRmRKcPZdAdgTRq3+eiKdX8G7VC6bs8g6GcA1ZIbywM=","PO8t77gxvmLzZHBP6ThjXXnizllA3PmmzWMj4fT6NOM=","BZCMECxa85bth4mygpFrxFS9g313doLkqbqqYSczROI=","mMrgiKhqZZevB+YcgXa4BRGIrosLzicA2TaVnAUbzk4=","uXgvDIQkwRYiD/ZJA1wIo12Hrx2P7QJa6S5+OYqsgsQ=","4bSDGf44G1prVut+6l7wB9aC7gn/94kprPYEbUosXCw=","m12rTazQ9pAJ1KgMYTZM8SpAqWU3cSkvcoWRGYYOULs=","6pcWFook6NZzZhgEnziNSWM8udcDffzjFEMRGQiSE+w=","ZEsydSD2L2LirJxrIDWI/HW+LdimzJTzNKzpZJsypGo=","v2xuRKGUsLR5QbWp7sWOP4H0cOm+Ol9UHdZsFwWbqus=","N+/75wNuK4Wx7WXqubJ/KL+uDEs8jx+5c9z+ufyXUJ0=","HU1szsizCtB+UI6CB/8JWlVu35+Bfwz7PQ2Tj6JkngY=","cIsOVN8TgI/YR51zVzrmgld2s0qzu3vF02T+GJyvvpU=","8GjnmrLE3AeuNHdxpdTn1gQDNuTx7BRFtC9+byc5XHE=","cTuPrwWcraEkMfEEIt2jymRSgDQnqxEY8j0NQx8gR4Q=","VN6bd7xCb4T1k0UlrYGmCh2dGmmpgsJMb5qvNsUcGPU=","hpkVfv4nODMhlATm9zhIUiWUN7lAjPLL92+G9lrBHPg=","U/ZI3CCotlK8uMBu7wf82+GlFfd64elZjwgy0JapjcU=","wqBbunptYEZeqXc+PeJ2phd06G8HeSALjNRM4xvkQIQ=","UFBWdMz7wQd1oB8We49PUczxQ4pRFzyL1F6v9k52sA8=","m5hZlbnIx3tyX1yWwfcP5zR0NerwO4nIbuIj1x06Nso=","VtxDAa0pfZcafh9wXfhy+M2jYGSlCKv8wcpVMoV7eaw=","Za3zYvlrqLw7RDliNSDSFe1V42k1PWL+Xr/XKR8B5GA=","UqHIC7UbTwC0+wddFwkrOnCCf71tDt03x1lu83E8zr0=","JzmNiVPVjhIoFqDJPi1fwgRKz0MkPAWqA63amgxBNc0=","P7w9fZODUQAN858v3+RAFGl1mFW2xYL9QhRNivQeGzg=","UGaW0cMzZgf/HwgZc47dE3zsbhiKNcoOa8DYH//AYpw=","SJmoK/7yJ7VdBbYA0RYJu0RRs6q/hBcv4R9SXU9RoJ8=","JqQ6OyLCfGJQTbBZcVJFg1I7jDMq35Oo9VZnbF+zwH0=","/AUzTxjytiiywa8/HLyb1bZUusN4sx7M1z8bezSnMhw=","zqPz5mZ2vRHYf6VoOpmZ5NHhSrH8EdFRVwgOwgcGHAY=","N03DUFtHu6tq3OSBjX+7/viOr34IIxlvT5mDBH/64n0=","6sOqdfXzmz9ujDJlz8FZ57Vn5YCKnYSXQf3kTRjNpcs=","Yvl0gGZtouEH419voJy1mL/4/bSdDCJdO/cZaJ1UHR4=","ubXfBxudItUecvgvRTnRudO2/5l9YNm2i7wG0ke2qzI=","16Un33zxamEGY1X5lcQht7a/aIO0lN+xgSIKYQ4p2Zc=","7I99jmUJJCR0E+RvhsAAA5syBrgyYFikl2plFjGc9qk=","i7Cy5JCE56AFY8yid2O7TKdKD4aXQUHCYDDce2RcWMk=","eYzwk57a+uKYuhaF+Ekzmo/WHEGO0T8v2T5ZNUxWnz4=","Map8sxU3jJhSP5B5pkWcj/pyCuo67bQIm4iOk0ro7d4=","yvzvUmfm8qfViNHeGcg6pm3ylsMC/a0FCzSpZ1LCIRc=","PPUCwAEL7YWbISbmzRHTfZ+578MDa4e4SgiYOw/O85M=","giTRp8WlrDqHdPCy3j2pXbCcwiHlOrLykhD1SEHttdk=","O3C+cRDMVR5RVzJIoSEdF1ZlZg6yHqMv59cYtv30jao=","FI8C5dC4cbERFrUhWujU/mNXwxSvZtAro0GG60cHrIY=","/mb5iaCxnoZqqscRqV3Q2HiM7XNSFw9YdamlsWls7eQ=","7WAYEICxoqHxkciA7jEb6nxJ/9vkk2p2kIfBfwWG1w8=","Q5XftFDNQBeQORBky+GXKjj/xKcsUhV7cZ92H4ZCIvc=","bpqIrH+MiXM7adMSz9+frqmchyHA9S0ijINStDH5mrE=","Wjh1IwzzDbuK75njATmblj9KPaXMAuOwlsYMPvab4Jw=","WFOi2hLKpNt1eUl7ppQJ9r6u0AT5NHc46PBtbto18Ao=","NKWysy4+y8IHcDC+rbJU0/k+hYlAJ0G1eglC0INA12M=","h0ZqnVtD9zdW9SOoRHPZ+bDLC0NuNcqUS9KwLNHsd24=","wsLvOZ0xrsw0ad/g+5GHwAYjrXkaZvFxfGJ4h+A97JM=","xmCuOfgAyG5/BZNkz1ZxZx2BgnoGTu1ivcfb9K/xWtc=","YHD6HzA4E3f1AkiIJTtazyUPDN2RvfmI+mR+maRF2tI=","CkSITSBROYgPCbuFRLfhWqWZoaaR75fjLMLccXEhYQI=","l/YEAgoiK15DBg5VCL+Tme638Mu0cAkfrC+WFVTWgIc=","zUUl6PZazwWdRM8Tca1sZFcYA3zbjRFQ3S0NRcEeMWc=","AhquUTz/kWubF8zxC7k5FrpI9DBO7Zk+WmvlzgLHHrQ=","LDWVNRxhgzKp11plaUsV6cFXeTqbNExivXB3v3rPOeU=","CDbWoH2WYT7LdsoOLNkBd2dKFkKWjpLzEbtm+7hkBAw=","KogTlZ02xecrpdpFZV8DES2vvjTUR0Qqfb+Rby2gk4w=","+wNvV8eiGYU59fQu9GzTlrFJsABg7qJTZxu8SFpY/j0=","Gr8QS8zrebzVJ5mFQcxxTYtYHCZKFe81WFE8iRM2Pe0=","UZFZZJe8fWAGbjZuhoqPXmqFu+U5r905o+XbaKYKjkE=","SfJ99BL3LhbBhdBJ1iRGzv8oQRmllNedRabvhVlrcV8=","N0UImDrV7GtjF8bR4MZ9N9XegcyGHtngDK3KRy4VA34=","JUCFHWjOGR8GNa/zcdBy84RWiBwAVbizajvSTsyMYo8=","sTM3QCW/mUzXXmIM0pbsz6M1BNuLzRGSaLwI3077OKQ=","mY8T1BMMBb6TfWCdJ3SztPSjXXf4HmK+ME1cz6KP0HI=","anwEgAacAnzzIRUiFQXC6iqG7isIt+oTm3xA33Yi2EQ=","1wCtQQO0490Nd/baloOKQwYh7pgWy0/GkRGFVHebezY=","2t4ENKBiY34r6dvjgyMKRaA43X6s1nLuhCKzA9aerQ0=","bJdWPK3t/nqnSYHY25rZVSvINLKWmGoku0BAhRf34wI=","uTrM6x5uHl8AxI1UkG//Cg5t8Es7EhU19j8mkzQGLZA=","kpAlFTA/uWym5w+5vca6De16KKetT02XpS/z3UI0ZDM=","VpBIo4xzhxpaKAb6PgJt7GON+mssfirGTRn/7rQRrPE=","P+LCTeZK23I7U1ZHmL6PF2NB1Oocg9j1Owsk/I6Nqgc=","GcuvVgfUF5PcqSqXTbgjDJTl7IwA2gyYTOilZANpADE=","rVmhiwwPHxkTXJuzGQ3P7HNpuK0TVH7/3+9d2VvNT20=","TcFG80CPRjULMjIv5+7OfuJiJZKkpmuhRLcpfFkT5OU=","f0uGr8RtENIVHFEXVnzY4s8UnFrHzChOpAzVgpWLl9s=","bQbVwSn9gjyoH2DcKQsk9CcCqECdwv7t60qxux0DJXc=","mOhYc6DyjoNcBzbl3jbpd6OGtms+HinWRrLTXfFKFlI=","3wxnBbkvULfuvDi5h6yETq1XhTJs8pC62GYdfz0bjZQ=","AogliCYteZqjFlnPmnLHm0WNAd53gG/Dt71kzroB0fM=","Y3zeU2snLpQDrxwyH5rihwdc0J+TqU4nHCQGobXT5eo=","jTUKU0DOb+mgUbxtXznVfccxGzYzNZcBJmOIxU6XhzI=","o+8uUQ/D98O9rpoTRm3NJ1Ip9n/KK/QWIRUlMIJ7v4M=","n62p+42KAcoRFB0sby4k/oWkIbmRjmC/ac7j4KvO3yc=","rw/CaARYdf1/iZYMU/VZ05WfDVZqhl1RdfmpZprqQ1E=","nO0yqO03zFA7oK2y3feVPOMJiHZZHy0TQ4KuE7Y0g50=","6mweZmUxmtUiXh9115aiEoYYQqWj5fQw1X+KMxY2IiU=","gEL2OOHFCfsHSSAKBGqtwmmezTEW96zwhAsRmWD8ZFc=","1L+fYMPA0xUT5HayeBQCWrwvUoVFbp1BZfh1ra5xs90=","cMFjXGvLLcJ/6yL7tfMRITlyotBikgslc3mKfYxMdfM=","XHnm0Sq5UVoOSmf0EVsV2soOoG1Qox7/ORwh7uxY+wI=","IQpdtRtIXVcSPRt0xeKAsHaSmJVCKOKJhzfIXz5rDAA=","zlvQQ5VJlLw6Wg7thUVDG5MoLNxX2uOZVHY0nYr2u+o=","ohWa/2/t5RNDJR6yUbcprATUgv3z2j46SKuEdxQ8AQM=","bD2ojHDzmCIISFsTzjonOgHdVj5z4jUypdqd7ytUFHk=","8Af3aCMbBxeVWbc3BxemYhlD/UQQet8r+ds6ub1wZCQ=","4v9ar+9h4pXPd9KpmrxkXZoR4WMpsK95JgrF22FSzi0=","c02Ei6V9DOwkWLfLICZ3poJTFlQ4GXNWzuQpYYqQo2w=","oQyHYIUN4xpuk6XVwNOtzqJkI3KXwTs9MJCfqEirOwc=","ylTHkAu7HPfQUVSJSpHyVNlOC98tb/dymhTzJUHVZ6k=","weClOJfiogZQ9fHaQt6lqoGdyUmO1QCzies4tvk1v8Y=","ikowt/fHpo/6Euc2knSc/U2T7hMJDq7Trmr8X1yJxcQ=","xcVaZW/kULBSBjcTARbAlJvef42YI3QTHbXfdl6weVE=","4WSZfXT1E1TqH2mi+H8USBlxwcu34Ymmps8syiClp4U=","qJXPVA5ZZn9VE0dkBnihZxNRPjyQvGMN7aUT+yMloRU=","CfkuzcUQohzLvjVZsKZrzZI3tETL1jBlAXQqWEdwDTA=","M/tfJUJZkzz5scdTka2B60MTqiw/u7RXizz32DwT3Ro=","2sO05bZRUvV1FMmagmdTubkvOJdd8cU+jKOHWkKbElM=","VOJnz5gjHA8REc+NyDeDefKIhGUXAU06nInWkhzEcI4=","Mwarm1gsrvjk3ia83ftuA9svrPsQexsk8R9ASkCW3Fo=","nXioOryLRFUjw9Puuac8GmqmcOBq/ipP+xFKwztVYOM=","ihFylMq0j8rtLtR/2yF2eMRbdDf8yaqWBQewzuspEmM=","oxhL/Bd8EYTdbQKYZtxNNJQ60JWr6Zls0aeGd0XxYKY=","JKeTybmy7tiYioT2CAE9zjqAns9GgpJUats/H1iBiWQ=","U+dsTgLTcwVs1pb51X1TXXmJgSVxi5QldLPPgc07nAc=","+FL+JhzRN+TgzMFx6pi66YgH5nSzt0oqib/tBk4kS4o=","bb0q2cIKxv0HHls7DZSHus1J1UMN4+jw72OpsK8FrUw=","+/HRBtxPA24G80gm6+2l2B8pVxeIa6PiKf60l7vP2Jo=","NORnezFsc8fhePtxHGEtSQhTNvQZTH8ucw8TcFzoxBc=","C3azNAEDo+i0Ho1YsL/7N1htj6hoEpfB6wu8fSsjZRY=","FJMvFbkhHpp0b0xBwpAvQgScWvQfpZJVYqLiKg1CiDg=","i/2/pglayUL6Orey41/x5QJVN42SH9qs5mLZaofnW4k=","0xIYxWQ5S70MuzYo+35iFCQGiRVMJvG3C5Fn8w3lmY0=","CnIxZGHsS7pTKWLaTcBhdy7Hp4X9QlglqQArobxwg1Y=","K5WER5rNNOdvcnXdPurepUchJQFbwPAaMAg5E4L2spo=","/XL0l4LCbimVvTOHg5pG3+nGcXDmc2I0TL4DjavP9+8=","VqLuV7kqs5Pnyn9h3GT4b3Q8ccUj3T6eRgy9nnO16FA=","1uejUqKjVtCx9kNTgrIrd279OObPBKrcD+XRe4ulTsc=","kVqPDT5F2tdPNgMN0gXvdVLxO/Au1XLfxFDoq6Sg3Qg=","Vk9mhaz7aVRl/xwLfqHN4UKw0dJROAGEnbANpK1MSQc=","tPF0/v8xn9mJDYIjuQCBlUgpQQbR8M2ft+ysGsbxCy4=","WtKt9GMqQNetxwBTup3yFgU9VH/tEUzmPepJdSKM1V8=","2VzvWCIYv7h22zj248avwGDnC0toajbHvQ7uPn2XgTk=","tI7dyYhMSQRo2bsuw7sS0EuzbfpPsYnRti1Tqj4WFVY=","oQcd5fr/Gd7tGSWXSwQK24LsJINAUPdaQWHgupYM4Fk=","zDwjDxOSgMb0FNm2s214guGB4mJ9guVGSKf2vfkRD+E=","PoPyfHqvLPT5JC+P8KZvpF8sE/7a7hZyCOl1BM5y9go=","/NS4EMoaDGHg4lNnxphxMTrojsC2Y4A3p1OrAlIcNhU=","OwHluRIK+/dDEmVnv36bgzhRJMizZmeCtovK+3MJ/Js=","VsrlUjcLz1L1ojSdecYQvR7+DS0v1jU4cax/DMAWfgA=","1ZGQRX28U9JkhOAdr/TBK79sHo6vdJs5fyUUnPrejwc=","Bw/5cXWi9T1evnWgqN5dfolfjIV4zUPWoI6W/KzoQXE=","ZkT8Mij6Lz0LESpYu2Qi4PmbIh9oqowYpXjJQaMYiVQ=","l9jZ9t12XpTbpxXpQsdD64Hvko9TIVY27Hk8UALoTKw=","LCGe0trX5C38ukLuIslIPouyd4CsFlJwjcZJxYrvcSM=","IIFWc6WKpnv2OTDqRKSdSBww6aZDPyzw6B2RUAjNIWI=","CFBWLBsDeDOVox7UsKlpyDP70Amfe6YQOJI0LV1X3WA=","a27x+XeGrtR7vyWtv3NkmmSP+vbOMGZWbvd14kgrPjQ="],"block_size":4096,"path":"popup.b90f0a27.js"},{"block_hashes":["ZAUoYCTme7CLYj01XUd+zpkZjlqkjEMi1l7EVyevxLs="],"block_size":4096,"path":"popup/index.html"}],"version":2}